1192	821	1462	749	1224	589	453	1434	21	0	4	1	1	0
1180	810	1460	745	1219	565	454	1419	21	0	4	1	1	0
1164	796	1453	735	1217	555	448	1404	21	0	4	1	1	0
1161	799	1458	733	1221	568	445	1413	21	0	4	1	1	0
1165	814	1465	731	1220	574	450	1426	21	0	4	1	1	0
1159	807	1457	722	1202	567	450	1414	21	0	4	1	1	0
1154	788	1451	721	1189	554	447	1402	21	0	4	1	1	0
1158	783	1461	732	1195	551	448	1407	21	0	4	1	1	0
1157	785	1465	732	1195	556	448	1407	21	0	4	1	1	0
1142	776	1459	722	1189	547	446	1402	21	0	4	1	1	0
1128	775	1459	720	1190	532	444	1403	21	0	4	1	1	0
1128	782	1465	724	1180	536	447	1395	21	0	4	1	1	0
1129	771	1465	722	1165	533	447	1378	21	0	4	1	1	0
1112	749	1457	718	1160	510	443	1370	21	0	4	1	1	0
1095	741	1458	719	1154	500	443	1371	21	0	4	1	1	0
1104	750	1469	723	1156	510	445	1374	21	0	4	1	1	0
1123	765	1467	726	1169	518	446	1375	21	0	4	1	1	0
1129	773	1461	722	1166	526	444	1378	21	0	4	1	1	0
1127	783	1465	720	1163	547	442	1395	21	0	4	1	1	0
1133	799	1465	722	1183	570	450	1415	21	0	4	1	1	0
1153	811	1463	725	1198	572	457	1410	21	0	4	1	1	0
1163	806	1467	724	1193	564	451	1399	21	0	4	1	1	0
1149	794	1466	724	1190	565	443	1406	21	0	4	1	1	0
1134	783	1465	724	1191	569	450	1403	21	0	4	1	1	0
1134	777	1471	725	1188	565	457	1383	21	0	4	1	1	0
1132	770	1473	724	1174	555	450	1376	21	0	4	1	1	0
1125	754	1467	719	1161	542	443	1381	21	0	4	1	1	0
1123	748	1466	716	1173	543	443	1382	21	0	4	1	1	0
1128	762	1466	716	1191	557	445	1391	21	0	4	1	1	0
1136	778	1458	717	1195	565	448	1405	21	0	4	1	1	0
1137	782	1453	716	1195	566	448	1410	21	0	4	1	1	0
1134	779	1454	716	1193	569	449	1407	21	0	4	1	1	0
1134	777	1453	718	1187	570	447	1404	21	0	4	1	1	0
1147	782	1450	720	1191	568	447	1403	21	0	4	1	1	0
1164	789	1455	723	1199	573	451	1409	21	0	4	1	1	0
1156	788	1463	723	1197	574	452	1412	21	0	4	1	1	0
1138	770	1469	721	1183	555	452	1393	21	0	4	1	1	0
1137	764	1469	720	1177	545	452	1376	21	0	4	1	1	0
1136	776	1466	722	1187	565	450	1393	21	0	4	1	1	0
1129	777	1468	720	1190	574	450	1409	21	0	4	1	1	0
1142	775	1471	716	1185	564	451	1403	21	0	4	1	1	0
1149	783	1466	717	1186	569	448	1401	21	0	4	1	1	0
1137	784	1463	715	1192	577	446	1405	21	0	4	1	1	0
1135	780	1465	712	1185	567	453	1399	21	0	4	1	1	0
1134	778	1465	713	1169	563	452	1390	21	0	4	1	1	0
1128	762	1465	713	1158	564	448	1381	21	0	4	1	1	0
1128	744	1467	709	1156	564	448	1376	21	0	4	1	1	0
1118	748	1468	705	1158	566	445	1380	21	0	4	1	1	0
1110	750	1465	707	1159	565	443	1379	21	0	4	1	1	0
1120	746	1468	713	1161	564	446	1373	21	0	4	1	1	0
1123	749	1476	718	1164	567	450	1376	21	0	4	1	1	0
1104	739	1478	711	1163	554	447	1379	21	0	4	1	1	0
1092	720	1470	696	1147	534	444	1362	21	0	4	1	1	0
1087	720	1461	690	1134	536	442	1348	21	0	4	1	1	0
1077	715	1466	694	1134	538	445	1349	21	0	4	1	1	0
1074	694	1472	695	1131	515	449	1347	21	0	4	1	1	0
1074	688	1469	692	1126	496	447	1338	21	0	4	1	1	0
1070	693	1465	693	1127	512	443	1340	21	0	4	1	1	0
1071	693	1466	693	1132	528	443	1351	21	0	4	1	1	0
1072	692	1466	689	1130	515	443	1344	21	0	4	1	1	0
1063	687	1458	688	1125	495	440	1328	21	0	4	1	1	0
1060	688	1463	690	1131	510	441	1335	21	0	4	1	1	0
1069	708	1472	700	1142	533	446	1355	21	0	4	1	1	0
1070	717	1471	714	1137	532	448	1352	21	0	4	1	1	0
1070	701	1469	711	1132	530	446	1343	21	0	4	1	1	0
1073	696	1468	691	1135	535	444	1348	21	0	4	1	1	0
1070	709	1464	695	1134	537	445	1352	21	0	4	1	1	0
1069	715	1470	717	1146	537	448	1354	21	0	4	1	1	0
1073	711	1479	717	1160	536	446	1353	21	0	4	1	1	0
1070	712	1474	709	1148	531	446	1349	21	0	4	1	1	0
1067	706	1470	714	1133	525	449	1348	21	0	4	1	1	0
1068	687	1473	718	1134	526	446	1345	21	0	4	1	1	0
1072	688	1480	716	1141	532	452	1346	21	0	4	1	1	0
1077	709	1490	718	1156	538	463	1359	21	0	4	1	1	0
1074	711	1494	719	1162	536	466	1361	21	0	4	1	1	0
1071	697	1491	721	1144	532	463	1353	21	0	4	1	1	0
1071	702	1490	721	1138	537	461	1357	21	0	4	1	1	0
1070	704	1487	719	1141	536	454	1357	21	0	4	1	1	0
1065	688	1482	718	1133	516	447	1345	21	0	4	1	1	0
1064	683	1482	717	1128	501	450	1343	21	0	4	1	1	0
1067	692	1484	713	1133	511	455	1348	21	0	4	1	1	0
1070	690	1484	716	1136	514	453	1345	21	0	4	1	1	0
1071	688	1487	721	1130	507	452	1346	21	0	4	1	1	0
1074	705	1492	720	1129	519	460	1349	21	0	4	1	1	0
1087	716	1487	721	1141	535	465	1349	21	0	4	1	1	0
1097	714	1483	723	1159	533	457	1354	21	0	4	1	1	0
1100	717	1482	720	1165	533	456	1353	21	0	4	1	1	0
1090	714	1474	716	1151	531	457	1345	21	0	4	1	1	0
1084	699	1472	716	1148	526	458	1344	21	0	4	1	1	0
1089	691	1481	717	1149	520	460	1346	21	0	4	1	1	0
1090	691	1487	717	1143	514	455	1342	21	0	4	1	1	0
1090	694	1492	719	1151	525	460	1346	21	0	4	1	1	0
1086	704	1497	724	1163	545	473	1356	21	0	4	1	1	0
1077	697	1489	724	1148	532	468	1352	21	0	4	1	1	0
1066	673	1477	720	1126	503	452	1331	21	0	4	1	1	0
1068	658	1477	719	1127	500	451	1320	21	0	4	1	1	0
1072	661	1485	719	1135	505	461	1321	21	0	4	1	1	0
1072	675	1492	722	1134	501	462	1322	21	0	4	1	1	0
1072	686	1488	720	1131	498	456	1329	21	0	4	1	1	0
1079	686	1485	719	1142	509	460	1343	21	0	4	1	1	0
1091	685	1497	735	1162	523	472	1348	21	0	4	1	1	0
1095	686	1502	748	1165	512	475	1341	21	0	4	1	1	0
1088	689	1489	740	1160	500	472	1343	21	0	4	1	1	0
1082	694	1482	735	1165	518	474	1348	21	0	4	1	1	0
1087	692	1483	739	1167	534	465	1345	21	0	4	1	1	0
1097	695	1477	744	1166	529	461	1344	21	0	4	1	1	0
1101	714	1476	749	1167	532	468	1350	21	0	4	1	1	0
1096	722	1479	744	1165	540	469	1352	21	0	4	1	1	0
1095	718	1477	742	1169	540	464	1357	21	0	4	1	1	0
1099	720	1483	746	1175	540	466	1362	21	0	4	1	1	0
1101	721	1490	738	1168	533	471	1351	21	0	4	1	1	0
1096	711	1486	728	1158	528	469	1340	21	0	4	1	1	0
1090	709	1487	731	1161	528	468	1347	21	0	4	1	1	0
1096	711	1497	734	1165	528	473	1349	21	0	4	1	1	0
1102	716	1499	745	1165	525	476	1349	21	0	4	1	1	0
1099	715	1495	748	1163	517	474	1347	21	0	4	1	1	0
1090	696	1489	732	1155	502	469	1337	21	0	4	1	1	0
1083	685	1482	724	1152	496	470	1330	21	0	4	1	1	0
1079	687	1485	737	1157	503	471	1331	21	0	4	1	1	0
1078	688	1494	742	1157	505	470	1333	21	0	4	1	1	0
1085	691	1496	735	1160	504	470	1341	21	0	4	1	1	0
1097	695	1491	724	1165	512	474	1346	21	0	4	1	1	0
1094	692	1480	722	1164	524	473	1344	21	0	4	1	1	0
1079	690	1475	724	1159	527	467	1347	21	0	4	1	1	0
1071	686	1482	724	1147	509	467	1340	21	0	4	1	1	0
1074	680	1487	726	1131	498	470	1319	21	0	4	1	1	0
1072	685	1488	725	1131	502	470	1316	21	0	4	1	1	0
1072	685	1493	722	1131	502	474	1331	21	0	4	1	1	0
1090	694	1500	737	1126	523	475	1342	21	0	4	1	1	0
1108	722	1505	750	1133	560	473	1350	21	0	4	1	1	0
1115	743	1513	740	1139	571	475	1366	21	0	4	1	1	0
1125	749	1514	733	1145	576	477	1382	21	0	4	1	1	0
1134	753	1512	745	1158	601	478	1387	21	0	4	1	1	0
1132	764	1513	748	1167	607	480	1391	21	0	4	1	1	0
1135	772	1508	739	1166	597	479	1400	21	0	4	1	1	0
1142	767	1502	739	1168	600	477	1395	21	0	4	1	1	0
1135	754	1504	748	1168	598	478	1386	21	0	4	1	1	0
1125	737	1504	747	1165	579	478	1387	21	0	4	1	1	0
1121	721	1497	741	1162	557	476	1373	21	0	4	1	1	0
1115	714	1495	744	1160	535	473	1350	21	0	4	1	1	0
1109	712	1500	748	1158	528	474	1346	21	0	4	1	1	0
1104	700	1499	732	1159	531	475	1351	21	0	4	1	1	0
1098	691	1494	719	1157	526	471	1344	21	0	4	1	1	0
1097	692	1495	730	1156	511	469	1340	21	0	4	1	1	0
1100	689	1496	737	1162	504	472	1344	21	0	4	1	1	0
1098	690	1496	729	1167	508	472	1347	21	0	4	1	1	0
1099	693	1498	730	1165	510	471	1346	21	0	4	1	1	0
1099	689	1495	732	1165	503	473	1343	21	0	4	1	1	0
1087	685	1486	723	1170	502	474	1342	21	0	4	1	1	0
1084	690	1486	719	1164	516	473	1347	21	0	4	1	1	0
1099	699	1496	735	1171	529	474	1351	21	0	4	1	1	0
1101	699	1499	749	1185	520	474	1348	21	0	4	1	1	0
1090	693	1502	750	1174	507	475	1343	21	0	4	1	1	0
1084	690	1499	742	1158	506	477	1347	21	0	4	1	1	0
1076	687	1489	737	1162	502	474	1341	21	0	4	1	1	0
1066	670	1483	728	1160	487	468	1322	21	0	4	1	1	0
1067	659	1488	723	1153	472	466	1315	21	0	4	1	1	0
1071	662	1490	724	1159	468	470	1321	21	0	4	1	1	0
1070	661	1485	724	1150	472	469	1317	21	0	4	1	1	0
1065	656	1488	722	1131	476	465	1310	21	0	4	1	1	0
1068	657	1499	722	1139	474	467	1317	21	0	4	1	1	0
1087	670	1503	733	1158	474	472	1322	21	0	4	1	1	0
1098	684	1500	740	1162	484	473	1322	21	0	4	1	1	0
1081	680	1498	730	1156	484	473	1323	21	0	4	1	1	0
1065	666	1497	720	1152	473	471	1321	21	0	4	1	1	0
1086	665	1495	722	1146	469	470	1314	21	0	4	1	1	0
1099	664	1498	726	1136	471	472	1311	21	0	4	1	1	0
1084	667	1500	725	1139	469	472	1316	21	0	4	1	1	0
1086	684	1500	724	1154	483	471	1322	21	0	4	1	1	0
1096	680	1497	725	1164	501	473	1321	21	0	4	1	1	0
1083	657	1497	725	1153	487	476	1314	21	0	4	1	1	0
1069	654	1502	724	1138	467	473	1315	21	0	4	1	1	0
1074	661	1501	723	1134	470	475	1316	21	0	4	1	1	0
1072	655	1497	721	1133	473	473	1299	21	0	4	1	1	0
1065	651	1494	717	1130	470	463	1295	21	0	4	1	1	0
1067	653	1489	718	1129	475	462	1311	21	0	4	1	1	0
1070	654	1488	720	1130	477	465	1311	21	0	4	1	1	0
1069	654	1488	718	1125	472	462	1305	21	0	4	1	1	0
1069	653	1490	720	1126	477	465	1314	21	0	4	1	1	0
1079	657	1493	724	1134	477	472	1319	21	0	4	1	1	0
1083	659	1493	725	1137	462	468	1312	21	0	4	1	1	0
1077	657	1491	724	1136	457	468	1310	21	0	4	1	1	0
1075	653	1490	724	1131	465	472	1310	21	0	4	1	1	0
1076	654	1493	724	1129	468	467	1310	21	0	4	1	1	0
1074	655	1500	724	1133	466	469	1312	21	0	4	1	1	0
1079	653	1502	725	1134	468	475	1312	21	0	4	1	1	0
1084	657	1496	723	1135	470	472	1312	21	0	4	1	1	0
1076	655	1495	723	1136	468	467	1312	21	0	4	1	1	0
1070	644	1497	727	1130	469	468	1313	21	0	4	1	1	0
1069	650	1496	730	1125	474	470	1313	21	0	4	1	1	0
1069	659	1500	723	1128	468	468	1310	21	0	4	1	1	0
1065	653	1497	723	1132	455	467	1305	21	0	4	1	1	0
1066	648	1497	735	1128	456	471	1299	21	0	4	1	1	0
1071	646	1500	738	1114	453	475	1291	21	0	4	1	1	0
1062	629	1498	733	1097	441	472	1290	21	0	4	1	1	0
1051	629	1495	728	1103	443	466	1290	21	0	4	1	1	0
1057	650	1497	727	1122	450	467	1288	21	0	4	1	1	0
1068	659	1498	731	1131	452	471	1304	21	0	4	1	1	0
1069	655	1499	741	1133	455	469	1317	21	0	4	1	1	0
1070	650	1502	747	1126	446	468	1298	21	0	4	1	1	0
1065	646	1504	745	1109	434	473	1283	21	0	4	1	1	0
1059	648	1515	746	1110	440	476	1290	21	0	4	1	1	0
1064	646	1518	745	1121	438	470	1291	21	0	4	1	1	0
1072	645	1504	744	1116	429	469	1288	21	0	4	1	1	0
1069	648	1503	743	1107	436	475	1291	21	0	4	1	1	0
1059	643	1515	744	1106	437	476	1288	21	0	4	1	1	0
1057	637	1515	745	1105	427	474	1282	21	0	4	1	1	0
1066	642	1511	747	1110	434	475	1288	21	0	4	1	1	0
1073	645	1512	751	1118	446	479	1293	21	0	4	1	1	0
1070	637	1516	751	1111	433	477	1288	21	0	4	1	1	0
1062	633	1522	749	1099	415	475	1282	21	0	4	1	1	0
1052	628	1522	747	1099	426	478	1284	21	0	4	1	1	0
1047	629	1518	745	1102	441	477	1286	21	0	4	1	1	0
1061	641	1526	746	1103	442	475	1288	21	0	4	1	1	0
1071	648	1533	750	1102	442	478	1291	21	0	4	1	1	0
1069	654	1530	751	1102	443	479	1290	21	0	4	1	1	0
1068	653	1529	751	1102	451	480	1288	21	0	4	1	1	0
1069	655	1528	753	1100	461	480	1290	21	0	4	1	1	0
1073	655	1529	753	1100	458	478	1293	21	0	4	1	1	0
1066	640	1526	747	1098	442	477	1288	21	0	4	1	1	0
1047	626	1518	742	1093	430	475	1280	21	0	4	1	1	0
1042	628	1520	745	1098	429	475	1284	21	0	4	1	1	0
1049	632	1523	750	1094	424	478	1282	21	0	4	1	1	0
1050	624	1521	749	1077	412	475	1265	21	0	4	1	1	0
1056	626	1523	747	1083	408	479	1257	21	0	4	1	1	0
1071	636	1533	750	1101	412	492	1260	21	0	4	1	1	0
1066	626	1532	752	1089	402	488	1257	21	0	4	1	1	0
1045	608	1518	750	1065	379	475	1251	21	0	4	1	1	0
1044	609	1517	748	1065	379	475	1251	21	0	4	1	1	0
1064	623	1527	747	1073	395	479	1254	21	0	4	1	1	0
1069	623	1532	748	1072	394	478	1253	21	0	4	1	1	0
1050	620	1527	747	1068	387	478	1251	21	0	4	1	1	0
1039	624	1525	745	1070	396	478	1253	21	0	4	1	1	0
1046	626	1528	745	1073	408	479	1257	21	0	4	1	1	0
1051	631	1525	746	1075	412	476	1259	21	0	4	1	1	0
1047	635	1518	746	1073	414	474	1261	21	0	4	1	1	0
1037	617	1514	745	1065	398	476	1253	21	0	4	1	1	0
1038	610	1520	745	1063	386	475	1249	21	0	4	1	1	0
1044	623	1523	748	1072	405	471	1259	21	0	4	1	1	0
1040	614	1524	748	1070	412	473	1259	21	0	4	1	1	0
1042	605	1527	744	1063	403	479	1254	21	0	4	1	1	0
1053	619	1531	746	1065	407	480	1259	21	0	4	1	1	0
1055	620	1537	750	1068	407	480	1257	21	0	4	1	1	0
1050	612	1538	749	1070	405	478	1254	21	0	4	1	1	0
1046	628	1534	748	1076	417	478	1263	21	0	4	1	1	0
1044	628	1529	749	1071	418	478	1262	21	0	4	1	1	0
1041	604	1527	748	1067	407	476	1253	21	0	4	1	1	0
1033	600	1529	748	1071	417	476	1257	21	0	4	1	1	0
1023	597	1525	745	1055	416	474	1258	21	0	4	1	1	0
1023	585	1518	743	1029	395	473	1243	21	0	4	1	1	0
1040	597	1527	746	1043	404	476	1247	21	0	4	1	1	0
1061	626	1543	749	1075	437	480	1276	21	0	4	1	1	0
1070	634	1544	750	1080	448	485	1292	21	0	4	1	1	0
1067	623	1541	749	1071	440	490	1276	21	0	4	1	1	0
1067	611	1546	749	1066	433	489	1259	21	0	4	1	1	0
1067	601	1546	749	1055	421	483	1255	21	0	4	1	1	0
1055	598	1534	748	1045	413	477	1258	21	0	4	1	1	0
1040	592	1529	759	1039	403	477	1249	21	0	4	1	1	0
1040	584	1541	779	1027	394	483	1235	21	0	4	1	1	0
1045	592	1552	784	1027	399	481	1236	21	0	4	1	1	0
1042	593	1546	778	1030	401	481	1236	21	0	4	1	1	0
1037	573	1543	779	1022	384	493	1229	21	0	4	1	1	0
1035	559	1546	779	1009	364	491	1224	21	0	4	1	1	0
1035	558	1545	775	990	352	475	1207	21	0	4	1	1	0
1039	563	1545	776	974	347	484	1188	21	0	4	1	1	0
1044	567	1550	780	977	357	499	1202	21	0	4	1	1	0
1046	569	1557	780	986	373	493	1225	21	0	4	1	1	0
1053	568	1560	778	979	367	496	1211	21	0	4	1	1	0
1055	568	1556	779	973	349	496	1192	21	0	4	1	1	0
1048	570	1556	780	978	349	485	1196	21	0	4	1	1	0
1045	569	1553	780	986	356	489	1207	21	0	4	1	1	0
1050	574	1550	778	997	350	499	1214	21	0	4	1	1	0
1060	595	1563	782	1009	352	500	1222	21	0	4	1	1	0
1064	598	1574	791	1010	354	504	1215	21	0	4	1	1	0
1048	576	1558	789	996	333	499	1194	21	0	4	1	1	0
1037	569	1547	788	998	320	492	1189	21	0	4	1	1	0
1047	575	1561	796	1013	332	503	1197	21	0	4	1	1	0
1048	567	1564	792	1003	331	499	1198	21	0	4	1	1	0
1037	560	1550	782	982	309	481	1184	21	0	4	1	1	0
1037	555	1549	784	977	290	484	1167	21	0	4	1	1	0
1040	539	1558	785	973	279	487	1160	21	0	4	1	1	0
1044	534	1562	782	965	275	488	1163	21	0	4	1	1	0
1035	536	1558	789	954	271	491	1159	21	0	4	1	1	0
1013	532	1552	792	944	268	483	1150	21	0	4	1	1	0
1006	535	1547	799	950	284	481	1159	21	0	4	1	1	0
1008	531	1541	818	949	294	485	1162	21	0	4	1	1	0
997	508	1544	834	934	272	485	1139	21	0	4	1	1	0
1000	503	1556	841	935	259	489	1125	21	0	4	1	1	0
1014	514	1560	843	945	260	497	1133	21	0	4	1	1	0
1008	510	1556	839	938	247	498	1137	21	0	4	1	1	0
1004	505	1560	839	934	242	497	1132	21	0	4	1	1	0
1007	507	1561	842	940	250	497	1133	21	0	4	1	1	0
994	501	1552	839	931	247	492	1135	21	0	4	1	1	0
985	497	1558	838	918	240	497	1131	21	0	4	1	1	0
1001	499	1573	843	914	226	502	1115	21	0	4	1	1	0
1013	501	1579	844	908	210	500	1103	21	0	4	1	1	0
1008	505	1576	839	892	222	499	1110	21	0	4	1	1	0
1013	517	1576	837	875	235	502	1117	21	0	4	1	1	0
1032	525	1585	841	869	233	503	1113	21	0	4	1	1	0
1043	520	1590	852	866	233	506	1106	21	0	4	1	1	0
1040	514	1582	860	863	236	510	1102	21	0	4	1	1	0
1032	513	1575	858	859	236	507	1103	21	0	4	1	1	0
1020	505	1574	856	857	229	499	1104	21	0	4	1	1	0
1010	500	1568	856	868	222	498	1101	21	0	4	1	1	0
1015	514	1564	857	888	235	501	1114	21	0	4	1	1	0
1020	518	1566	856	892	250	499	1123	21	0	4	1	1	0
1013	504	1561	858	889	241	492	1115	21	0	4	1	1	0
1009	502	1555	862	897	236	491	1120	21	0	4	1	1	0
1012	511	1555	861	910	249	495	1132	21	0	4	1	1	0
1008	512	1557	860	920	251	500	1133	21	0	4	1	1	0
993	504	1557	861	921	234	498	1129	21	0	4	1	1	0
982	490	1551	858	911	215	483	1110	21	0	4	1	1	0
976	475	1545	855	910	215	474	1102	21	0	4	1	1	0
974	477	1549	859	923	227	483	1119	21	0	4	1	1	0
978	482	1550	859	927	224	486	1120	21	0	4	1	1	0
976	475	1542	850	914	217	477	1102	21	0	4	1	1	0
964	470	1544	844	914	227	476	1106	21	0	4	1	1	0
960	474	1553	844	926	233	476	1114	21	0	4	1	1	0
964	473	1550	844	916	222	475	1106	21	0	4	1	1	0
961	469	1548	846	901	210	481	1099	21	0	4	1	1	0
957	467	1556	853	911	215	481	1097	21	0	4	1	1	0
962	475	1557	853	928	229	475	1109	21	0	4	1	1	0
973	495	1553	849	941	242	479	1129	21	0	4	1	1	0
982	505	1565	856	951	252	489	1132	21	0	4	1	1	0
983	501	1566	862	946	259	487	1131	21	0	4	1	1	0
978	504	1560	858	941	256	484	1133	21	0	4	1	1	0
977	499	1570	857	943	237	493	1124	21	0	4	1	1	0
980	490	1579	860	939	225	503	1114	21	0	4	1	1	0
982	492	1576	865	935	231	501	1121	21	0	4	1	1	0
981	494	1583	871	934	235	499	1127	21	0	4	1	1	0
978	482	1589	871	931	232	500	1122	21	0	4	1	1	0
980	481	1582	868	929	240	501	1128	21	0	4	1	1	0
982	485	1583	869	930	250	505	1125	21	0	4	1	1	0
978	479	1589	869	931	243	506	1114	21	0	4	1	1	0
978	488	1590	870	932	241	502	1120	21	0	4	1	1	0
982	497	1592	870	934	248	504	1123	21	0	4	1	1	0
978	481	1592	873	932	243	506	1108	21	0	4	1	1	0
968	468	1595	873	926	231	502	1099	21	0	4	1	1	0
960	471	1592	859	918	232	500	1103	21	0	4	1	1	0
958	469	1581	849	914	232	500	1101	21	0	4	1	1	0
959	454	1573	853	904	220	498	1098	21	0	4	1	1	0
951	447	1574	856	899	213	498	1096	21	0	4	1	1	0
952	448	1585	849	904	220	501	1096	21	0	4	1	1	0
966	454	1595	852	906	232	505	1104	21	0	4	1	1	0
965	458	1587	857	907	239	502	1107	21	0	4	1	1	0
947	449	1571	846	901	222	496	1095	21	0	4	1	1	0
946	424	1579	837	877	181	496	1067	21	0	4	1	1	0
946	399	1599	843	852	151	498	1045	21	0	4	1	1	0
927	380	1597	846	836	136	498	1030	21	0	4	1	1	0
911	365	1591	836	818	119	498	1012	21	0	4	1	1	0
914	363	1600	835	807	109	500	1004	21	0	4	1	1	0
925	367	1610	843	810	111	500	1006	21	0	4	1	1	0
920	360	1604	844	811	104	499	1004	21	0	4	1	1	0
904	352	1596	840	804	89	499	994	21	0	4	1	1	0
897	353	1592	837	795	85	490	987	21	0	4	1	1	0
903	356	1595	839	800	98	480	994	21	0	4	1	1	0
904	362	1606	841	812	117	485	1007	21	0	4	1	1	0
902	376	1607	843	814	126	499	1014	21	0	4	1	1	0
901	380	1603	843	809	121	501	1012	21	0	4	1	1	0
903	372	1604	843	811	119	497	1013	21	0	4	1	1	0
913	366	1606	841	815	124	501	1014	21	0	4	1	1	0
920	364	1607	840	812	120	505	1009	21	0	4	1	1	0
921	372	1610	845	815	130	505	1015	21	0	4	1	1	0
920	385	1608	846	822	151	503	1025	21	0	4	1	1	0
906	374	1602	841	817	143	497	1018	21	0	4	1	1	0
889	351	1603	838	807	119	497	1007	21	0	4	1	1	0
888	353	1605	836	808	118	496	1008	21	0	4	1	1	0
894	363	1595	831	815	128	488	1014	21	0	4	1	1	0
890	358	1586	827	814	124	484	1014	21	0	4	1	1	0
893	356	1596	830	818	126	487	1012	21	0	4	1	1	0
904	360	1610	836	823	125	494	1009	21	0	4	1	1	0
907	356	1607	839	816	106	499	1008	21	0	4	1	1	0
899	350	1603	838	810	100	500	1009	21	0	4	1	1	0
905	352	1606	837	813	115	498	1008	21	0	4	1	1	0
906	358	1608	839	813	127	501	1009	21	0	4	1	1	0
887	353	1604	838	808	115	499	1008	21	0	4	1	1	0
879	338	1603	835	804	108	497	999	21	0	4	1	1	0
889	333	1606	835	796	113	501	995	21	0	4	1	1	0
888	335	1605	833	787	103	496	995	21	0	4	1	1	0
883	335	1604	829	786	93	493	993	21	0	4	1	1	0
889	335	1606	827	787	96	498	994	21	0	4	1	1	0
896	338	1609	835	787	100	501	995	21	0	4	1	1	0
897	348	1610	840	790	97	502	994	21	0	4	1	1	0
891	353	1607	834	788	99	501	995	21	0	4	1	1	0
886	343	1604	828	782	96	497	987	21	0	4	1	1	0
888	339	1606	831	790	96	496	983	21	0	4	1	1	0
887	349	1611	838	797	112	503	997	21	0	4	1	1	0
886	355	1611	838	787	125	500	1005	21	0	4	1	1	0
885	348	1610	832	779	119	495	993	21	0	4	1	1	0
878	338	1610	830	778	96	499	982	21	0	4	1	1	0
880	334	1612	835	774	83	502	978	21	0	4	1	1	0
891	337	1617	840	775	87	504	981	21	0	4	1	1	0
886	329	1609	832	776	81	502	974	21	0	4	1	1	0
870	317	1590	816	758	75	486	962	21	0	4	1	1	0
861	320	1589	812	748	85	481	967	21	0	4	1	1	0
864	332	1603	819	767	103	491	980	21	0	4	1	1	0
878	336	1609	825	783	116	492	984	21	0	4	1	1	0
889	335	1607	830	783	113	490	984	21	0	4	1	1	0
889	339	1605	835	779	105	499	985	21	0	4	1	1	0
887	344	1605	832	782	116	500	985	21	0	4	1	1	0
879	342	1609	828	785	127	495	990	21	0	4	1	1	0
868	330	1610	829	770	107	498	987	21	0	4	1	1	0
874	323	1605	830	756	86	502	974	21	0	4	1	1	0
889	323	1607	825	762	89	502	971	21	0	4	1	1	0
888	324	1610	828	771	92	500	975	21	0	4	1	1	0
878	324	1608	828	766	94	496	974	21	0	4	1	1	0
871	319	1604	818	753	94	491	965	21	0	4	1	1	0
871	311	1610	816	746	83	493	960	21	0	4	1	1	0
870	306	1616	823	748	64	498	959	21	0	4	1	1	0
858	299	1612	815	748	59	490	953	21	0	4	1	1	0
848	298	1606	806	743	70	477	951	21	0	4	1	1	0
860	306	1609	817	744	80	484	965	21	0	4	1	1	0
874	313	1621	829	754	93	502	975	21	0	4	1	1	0
875	306	1624	828	755	96	504	963	21	0	4	1	1	0
872	299	1612	821	750	74	496	950	21	0	4	1	1	0
872	302	1603	812	749	62	494	954	21	0	4	1	1	0
871	306	1611	818	749	81	499	959	21	0	4	1	1	0
869	305	1621	826	747	92	500	964	21	0	4	1	1	0
866	303	1620	821	760	88	499	972	21	0	4	1	1	0
868	309	1620	818	779	94	499	975	21	0	4	1	1	0
871	317	1621	827	782	103	500	978	21	0	4	1	1	0
875	311	1621	828	780	110	502	981	21	0	4	1	1	0
869	299	1619	821	780	111	499	977	21	0	4	1	1	0
852	288	1618	821	771	93	496	969	21	0	4	1	1	0
853	292	1619	826	775	90	499	976	21	0	4	1	1	0
867	310	1619	826	791	114	499	988	21	0	4	1	1	0
872	314	1618	823	792	124	497	989	21	0	4	1	1	0
877	306	1626	828	795	121	499	988	21	0	4	1	1	0
892	302	1626	833	811	122	503	989	21	0	4	1	1	0
888	296	1619	824	807	117	504	983	21	0	4	1	1	0
871	301	1615	814	798	131	501	992	21	0	4	1	1	0
872	321	1606	818	817	174	491	1025	21	0	4	1	1	0
873	325	1595	816	839	191	480	1041	21	0	4	1	1	0
858	314	1592	807	837	178	477	1027	21	0	4	1	1	0
849	321	1590	812	844	189	481	1034	21	0	4	1	1	0
859	338	1587	819	875	225	479	1062	21	0	4	1	1	0
871	347	1597	821	897	251	479	1075	21	0	4	1	1	0
875	353	1600	824	900	260	484	1080	21	0	4	1	1	0
882	355	1588	823	906	266	484	1090	21	0	4	1	1	0
889	355	1579	816	919	272	479	1099	21	0	4	1	1	0
888	353	1578	814	923	277	475	1102	21	0	4	1	1	0
878	341	1578	818	920	276	478	1094	21	0	4	1	1	0
870	330	1576	815	919	270	478	1082	21	0	4	1	1	0
873	335	1582	813	928	272	480	1087	21	0	4	1	1	0
876	332	1583	813	934	275	485	1100	21	0	4	1	1	0
874	320	1575	810	929	279	483	1099	21	0	4	1	1	0
888	326	1581	814	931	288	486	1095	21	0	4	1	1	0
902	336	1592	819	939	293	488	1101	21	0	4	1	1	0
896	330	1585	815	937	290	483	1103	21	0	4	1	1	0
889	320	1572	813	927	282	476	1093	21	0	4	1	1	0
888	307	1574	813	920	264	477	1072	21	0	4	1	1	0
887	287	1576	812	916	246	481	1061	21	0	4	1	1	0
882	282	1566	809	913	250	477	1065	21	0	4	1	1	0
883	290	1565	810	920	272	475	1070	21	0	4	1	1	0
894	290	1576	811	937	285	479	1076	21	0	4	1	1	0
911	295	1579	812	953	290	487	1084	21	0	4	1	1	0
915	302	1570	815	959	287	482	1085	21	0	4	1	1	0
904	291	1562	816	954	274	476	1075	21	0	4	1	1	0
901	274	1560	811	949	261	479	1067	21	0	4	1	1	0
902	262	1560	810	949	253	479	1064	21	0	4	1	1	0
899	259	1560	813	948	254	477	1065	21	0	4	1	1	0
903	269	1558	812	948	270	477	1069	21	0	4	1	1	0
913	274	1557	810	958	276	477	1071	21	0	4	1	1	0
918	265	1558	812	963	266	479	1068	21	0	4	1	1	0
922	257	1562	814	959	268	481	1069	21	0	4	1	1	0
923	257	1556	813	963	272	477	1069	21	0	4	1	1	0
917	253	1545	810	964	263	474	1060	21	0	4	1	1	0
917	250	1545	810	963	262	478	1055	21	0	4	1	1	0
924	249	1548	811	970	264	482	1064	21	0	4	1	1	0
926	242	1545	811	967	247	480	1064	21	0	4	1	1	0
925	239	1545	810	964	246	478	1054	21	0	4	1	1	0
926	239	1548	812	974	275	482	1060	21	0	4	1	1	0
925	232	1550	813	970	276	483	1063	21	0	4	1	1	0
922	218	1544	812	958	247	477	1046	21	0	4	1	1	0
912	201	1529	808	963	229	473	1033	21	0	4	1	1	0
900	183	1522	806	960	230	473	1032	21	0	4	1	1	0
897	179	1529	808	949	231	472	1031	21	0	4	1	1	0
906	196	1532	811	964	241	472	1032	21	0	4	1	1	0
917	209	1530	810	987	260	474	1043	21	0	4	1	1	0
920	212	1525	810	986	276	474	1058	21	0	4	1	1	0
917	213	1523	811	978	280	473	1069	21	0	4	1	1	0
920	213	1530	812	990	275	477	1067	21	0	4	1	1	0
927	213	1536	814	1007	275	478	1065	21	0	4	1	1	0
927	213	1527	814	1008	275	475	1067	21	0	4	1	1	0
929	213	1525	813	1005	271	477	1066	21	0	4	1	1	0
941	211	1531	814	1008	273	480	1066	21	0	4	1	1	0
948	206	1521	814	1010	285	476	1070	21	0	4	1	1	0
945	205	1509	811	1018	302	473	1069	21	0	4	1	1	0
944	211	1510	807	1031	315	474	1072	21	0	4	1	1	0
953	222	1513	808	1042	332	473	1092	21	0	4	1	1	0
960	237	1514	812	1048	344	475	1107	21	0	4	1	1	0
953	242	1519	814	1052	341	480	1101	21	0	4	1	1	0
953	240	1519	814	1060	346	481	1102	21	0	4	1	1	0
966	248	1521	816	1071	367	479	1117	21	0	4	1	1	0
970	248	1522	816	1073	360	480	1114	21	0	4	1	1	0
955	232	1524	814	1068	328	482	1100	21	0	4	1	1	0
937	232	1526	816	1072	319	480	1098	21	0	4	1	1	0
930	236	1519	816	1073	318	477	1100	21	0	4	1	1	0
931	228	1516	814	1070	306	477	1100	21	0	4	1	1	0
927	221	1520	812	1071	302	478	1097	21	0	4	1	1	0
915	220	1517	810	1067	309	477	1096	21	0	4	1	1	0
915	220	1512	812	1067	313	478	1101	21	0	4	1	1	0
920	218	1516	815	1071	305	480	1096	21	0	4	1	1	0
910	213	1518	811	1069	289	478	1076	21	0	4	1	1	0
892	207	1513	807	1058	283	474	1067	21	0	4	1	1	0
887	212	1515	809	1049	297	477	1075	21	0	4	1	1	0
882	214	1513	808	1045	307	475	1080	21	0	4	1	1	0
869	209	1510	803	1039	300	468	1073	21	0	4	1	1	0
861	206	1514	803	1037	302	468	1068	21	0	4	1	1	0
860	208	1514	807	1039	314	474	1075	21	0	4	1	1	0
849	212	1515	807	1045	322	474	1082	21	0	4	1	1	0
841	217	1524	807	1051	322	471	1087	21	0	4	1	1	0
842	228	1530	811	1052	328	473	1096	21	0	4	1	1	0
843	239	1524	811	1059	334	473	1104	21	0	4	1	1	0
838	244	1525	807	1068	328	472	1100	21	0	4	1	1	0
832	244	1529	806	1067	330	471	1096	21	0	4	1	1	0
826	244	1521	807	1061	347	471	1101	21	0	4	1	1	0
829	251	1517	807	1065	355	471	1104	21	0	4	1	1	0
838	257	1519	808	1072	351	472	1103	21	0	4	1	1	0
834	263	1518	807	1071	352	471	1103	21	0	4	1	1	0
823	271	1514	806	1065	351	471	1102	21	0	4	1	1	0
834	279	1520	808	1071	353	472	1112	21	0	4	1	1	0
848	289	1525	809	1094	367	475	1132	21	0	4	1	1	0
845	296	1523	808	1098	366	474	1137	21	0	4	1	1	0
834	291	1523	810	1077	345	472	1119	21	0	4	1	1	0
821	282	1521	810	1066	335	467	1106	21	0	4	1	1	0
814	273	1512	797	1069	333	459	1100	21	0	4	1	1	0
812	273	1502	784	1069	331	455	1100	21	0	4	1	1	0
814	297	1503	796	1068	349	460	1119	21	0	4	1	1	0
828	325	1514	810	1077	381	470	1138	21	0	4	1	1	0
843	334	1522	808	1085	394	473	1140	21	0	4	1	1	0
835	333	1518	809	1082	378	473	1138	21	0	4	1	1	0
815	322	1511	806	1069	352	471	1133	21	0	4	1	1	0
810	308	1513	792	1056	329	462	1109	21	0	4	1	1	0
813	305	1512	786	1045	322	454	1098	21	0	4	1	1	0
812	312	1510	792	1045	334	460	1118	21	0	4	1	1	0
813	327	1514	794	1061	351	470	1130	21	0	4	1	1	0
828	349	1518	794	1073	361	469	1140	21	0	4	1	1	0
845	367	1513	799	1079	374	467	1161	21	0	4	1	1	0
841	366	1515	800	1080	382	468	1158	21	0	4	1	1	0
834	354	1535	797	1061	361	471	1134	21	0	4	1	1	0
849	362	1549	802	1038	337	477	1127	21	0	4	1	1	0
862	371	1552	811	1016	321	480	1120	21	0	4	1	1	0
856	355	1555	807	990	291	477	1091	21	0	4	1	1	0
860	346	1563	807	968	267	488	1073	21	0	4	1	1	0
878	356	1569	810	951	262	496	1071	21	0	4	1	1	0
880	352	1564	796	930	244	483	1062	21	0	4	1	1	0
865	338	1563	781	908	224	472	1044	21	0	4	1	1	0
853	342	1570	792	893	224	477	1034	21	0	4	1	1	0
855	353	1578	809	881	221	484	1039	21	0	4	1	1	0
868	362	1585	813	876	210	482	1042	21	0	4	1	1	0
874	365	1581	807	869	206	479	1030	21	0	4	1	1	0
865	361	1565	794	848	198	476	1018	21	0	4	1	1	0
859	368	1563	792	834	185	476	1021	21	0	4	1	1	0
860	377	1581	806	846	179	477	1022	21	0	4	1	1	0
864	379	1584	816	860	178	475	1021	21	0	4	1	1	0
871	384	1575	813	857	172	485	1030	21	0	4	1	1	0
873	403	1582	812	863	173	495	1035	21	0	4	1	1	0
872	423	1591	815	870	191	496	1043	21	0	4	1	1	0
877	441	1587	814	870	207	494	1064	21	0	4	1	1	0
878	452	1585	813	877	213	493	1078	21	0	4	1	1	0
865	446	1585	813	878	207	485	1070	21	0	4	1	1	0
859	452	1578	813	878	203	477	1068	21	0	4	1	1	0
861	477	1576	813	891	214	480	1083	21	0	4	1	1	0
851	479	1583	814	895	214	483	1094	21	0	4	1	1	0
841	474	1581	814	885	208	480	1098	21	0	4	1	1	0
844	494	1574	813	893	223	475	1101	21	0	4	1	1	0
848	510	1576	813	906	246	472	1107	21	0	4	1	1	0
846	507	1577	815	895	253	475	1110	21	0	4	1	1	0
833	499	1565	811	875	256	474	1108	21	0	4	1	1	0
812	480	1558	799	852	250	469	1103	21	0	4	1	1	0
805	473	1570	800	837	234	470	1092	21	0	4	1	1	0
817	495	1580	810	840	240	475	1104	21	0	4	1	1	0
833	519	1578	809	848	259	479	1126	21	0	4	1	1	0
830	528	1577	806	839	261	479	1125	21	0	4	1	1	0
812	527	1578	806	826	256	478	1121	21	0	4	1	1	0
810	530	1574	803	831	264	476	1130	21	0	4	1	1	0
820	539	1575	804	840	279	478	1136	21	0	4	1	1	0
819	539	1584	811	833	278	480	1134	21	0	4	1	1	0
818	539	1588	807	820	271	478	1131	21	0	4	1	1	0
819	555	1583	798	818	278	476	1131	21	0	4	1	1	0
814	571	1587	798	824	294	479	1144	21	0	4	1	1	0
811	571	1595	800	821	295	481	1146	21	0	4	1	1	0
807	563	1592	795	800	271	477	1127	21	0	4	1	1	0
803	562	1587	791	793	263	474	1126	21	0	4	1	1	0
809	577	1589	792	810	283	476	1141	21	0	4	1	1	0
807	584	1588	788	807	293	478	1138	21	0	4	1	1	0
795	580	1589	780	783	282	477	1132	21	0	4	1	1	0
800	590	1600	787	788	291	478	1149	21	0	4	1	1	0
811	608	1606	796	805	313	477	1167	21	0	4	1	1	0
803	605	1602	795	797	299	475	1153	21	0	4	1	1	0
788	595	1601	788	779	275	475	1127	21	0	4	1	1	0
788	599	1612	790	777	280	479	1137	21	0	4	1	1	0
791	607	1616	797	784	291	481	1165	21	0	4	1	1	0
783	604	1606	791	775	281	482	1158	21	0	4	1	1	0
774	596	1606	777	751	255	480	1130	21	0	4	1	1	0
776	596	1612	778	745	241	478	1126	21	0	4	1	1	0
784	598	1601	783	755	240	476	1135	21	0	4	1	1	0
782	597	1593	780	750	241	473	1133	21	0	4	1	1	0
770	601	1606	779	746	242	474	1131	21	0	4	1	1	0
768	603	1608	778	748	229	477	1121	21	0	4	1	1	0
776	600	1593	776	734	212	475	1106	21	0	4	1	1	0
767	598	1591	777	722	223	471	1113	21	0	4	1	1	0
750	600	1589	768	717	248	470	1129	21	0	4	1	1	0
746	603	1579	749	702	245	470	1125	21	0	4	1	1	0
750	599	1590	752	689	237	468	1121	21	0	4	1	1	0
752	602	1606	772	689	243	468	1127	21	0	4	1	1	0
750	620	1603	769	691	246	470	1130	21	0	4	1	1	0
751	635	1603	761	696	252	473	1134	21	0	4	1	1	0
756	631	1610	773	698	255	476	1136	21	0	4	1	1	0
759	629	1604	772	693	250	474	1135	21	0	4	1	1	0
754	639	1599	756	692	249	473	1137	21	0	4	1	1	0
750	635	1606	752	690	240	475	1132	21	0	4	1	1	0
758	624	1607	761	684	217	473	1122	21	0	4	1	1	0
767	626	1606	763	685	207	472	1124	21	0	4	1	1	0
773	643	1610	768	688	226	476	1132	21	0	4	1	1	0
779	655	1613	774	691	243	477	1132	21	0	4	1	1	0
781	669	1609	764	693	246	475	1142	21	0	4	1	1	0
777	678	1608	753	691	250	475	1157	21	0	4	1	1	0
775	666	1610	758	687	246	474	1147	21	0	4	1	1	0
779	655	1616	772	688	229	474	1128	21	0	4	1	1	0
780	659	1624	775	685	228	478	1137	21	0	4	1	1	0
779	671	1620	763	684	241	478	1156	21	0	4	1	1	0
775	685	1604	753	692	239	472	1153	21	0	4	1	1	0
759	683	1611	753	687	225	472	1137	21	0	4	1	1	0
753	665	1634	755	677	223	478	1136	21	0	4	1	1	0
767	676	1635	755	685	237	479	1152	21	0	4	1	1	0
769	690	1629	756	683	239	476	1149	21	0	4	1	1	0
752	671	1636	753	657	221	473	1132	21	0	4	1	1	0
745	652	1636	749	649	206	477	1130	21	0	4	1	1	0
749	658	1626	754	657	206	480	1135	21	0	4	1	1	0
749	674	1631	755	660	213	476	1135	21	0	4	1	1	0
754	676	1638	753	663	223	474	1139	21	0	4	1	1	0
750	660	1630	752	648	211	476	1136	21	0	4	1	1	0
739	647	1626	750	623	183	476	1121	21	0	4	1	1	0
744	655	1629	749	620	177	473	1121	21	0	4	1	1	0
752	658	1628	749	629	184	472	1128	21	0	4	1	1	0
752	657	1632	750	626	190	476	1130	21	0	4	1	1	0
753	664	1640	753	621	196	479	1131	21	0	4	1	1	0
755	665	1640	756	626	189	480	1133	21	0	4	1	1	0
751	664	1638	757	624	177	484	1129	21	0	4	1	1	0
752	663	1643	753	606	180	484	1125	21	0	4	1	1	0
753	663	1639	750	601	181	479	1129	21	0	4	1	1	0
750	669	1634	751	622	176	481	1129	21	0	4	1	1	0
754	677	1644	755	622	182	486	1133	21	0	4	1	1	0
756	673	1652	755	603	185	483	1134	21	0	4	1	1	0
745	663	1645	751	597	179	479	1120	21	0	4	1	1	0
734	660	1641	749	599	182	480	1117	21	0	4	1	1	0
740	662	1644	749	590	183	478	1123	21	0	4	1	1	0
745	660	1644	748	575	166	475	1114	21	0	4	1	1	0
730	647	1638	748	563	147	472	1096	21	0	4	1	1	0
722	639	1637	749	563	143	475	1092	21	0	4	1	1	0
743	653	1645	749	584	159	479	1111	21	0	4	1	1	0
757	667	1654	750	600	174	480	1130	21	0	4	1	1	0
749	659	1648	751	586	164	478	1122	21	0	4	1	1	0
748	651	1647	753	570	151	477	1102	21	0	4	1	1	0
758	662	1660	754	578	159	479	1109	21	0	4	1	1	0
754	658	1658	753	576	147	480	1115	21	0	4	1	1	0
748	640	1651	752	560	113	479	1098	21	0	4	1	1	0
756	647	1660	756	563	113	480	1096	21	0	4	1	1	0
759	660	1667	758	571	130	481	1106	21	0	4	1	1	0
753	655	1664	759	574	128	484	1106	21	0	4	1	1	0
749	656	1664	758	584	135	489	1106	21	0	4	1	1	0
753	659	1663	755	578	137	487	1107	21	0	4	1	1	0
755	649	1663	753	561	120	481	1100	21	0	4	1	1	0
750	654	1669	753	566	115	489	1099	21	0	4	1	1	0
748	661	1657	750	574	123	494	1106	21	0	4	1	1	0
753	634	1645	749	569	123	486	1102	21	0	4	1	1	0
750	622	1655	752	564	118	479	1096	21	0	4	1	1	0
744	644	1666	750	562	119	486	1100	21	0	4	1	1	0
747	649	1667	749	567	124	488	1108	21	0	4	1	1	0
748	632	1670	755	565	120	486	1098	21	0	4	1	1	0
740	620	1672	756	541	97	488	1075	21	0	4	1	1	0
742	622	1669	750	531	88	487	1074	21	0	4	1	1	0
745	632	1667	750	545	93	483	1081	21	0	4	1	1	0
737	619	1666	752	539	68	481	1069	21	0	4	1	1	0
736	594	1668	751	523	50	482	1058	21	0	4	1	1	0
746	607	1669	750	530	78	481	1069	21	0	4	1	1	0
750	625	1661	748	539	92	478	1077	21	0	4	1	1	0
748	614	1659	746	535	76	480	1072	21	0	4	1	1	0
749	608	1660	748	534	69	479	1069	21	0	4	1	1	0
752	616	1649	749	538	77	478	1068	21	0	4	1	1	0
751	618	1648	750	536	84	479	1069	21	0	4	1	1	0
763	623	1664	754	542	95	482	1070	21	0	4	1	1	0
777	625	1662	754	558	112	481	1077	21	0	4	1	1	0
766	622	1649	750	563	122	477	1075	21	0	4	1	1	0
755	621	1648	750	560	122	476	1075	21	0	4	1	1	0
756	611	1643	747	561	106	476	1079	21	0	4	1	1	0
750	593	1633	745	560	87	475	1071	21	0	4	1	1	0
756	595	1642	751	557	84	478	1067	21	0	4	1	1	0
778	607	1658	756	562	90	488	1075	21	0	4	1	1	0
784	608	1666	753	568	87	495	1076	21	0	4	1	1	0
780	605	1661	752	567	82	488	1072	21	0	4	1	1	0
781	614	1651	753	563	92	480	1076	21	0	4	1	1	0
781	626	1653	751	563	99	481	1077	21	0	4	1	1	0
781	624	1664	751	565	89	485	1071	21	0	4	1	1	0
783	608	1661	750	562	78	482	1069	21	0	4	1	1	0
781	598	1648	746	552	72	477	1069	21	0	4	1	1	0
783	599	1648	748	553	65	480	1066	21	0	4	1	1	0
792	605	1657	751	555	63	485	1067	21	0	4	1	1	0
801	601	1661	750	552	64	480	1069	21	0	4	1	1	0
805	598	1666	752	551	61	486	1066	21	0	4	1	1	0
812	604	1669	754	550	66	499	1062	21	0	4	1	1	0
807	599	1661	756	542	66	491	1056	21	0	4	1	1	0
787	576	1652	761	533	39	477	1042	21	0	4	1	1	0
781	565	1653	761	533	26	481	1034	21	0	4	1	1	0
793	575	1655	756	534	47	482	1040	21	0	4	1	1	0
789	574	1649	753	533	62	475	1042	21	0	4	1	1	0
776	565	1644	751	532	55	477	1042	21	0	4	1	1	0
782	577	1652	753	535	46	477	1039	21	0	4	1	1	0
796	586	1663	769	541	37	483	1028	21	0	4	1	1	0
802	574	1665	782	542	32	494	1023	21	0	4	1	1	0
797	566	1662	779	539	33	490	1024	21	0	4	1	1	0
795	568	1666	780	547	32	491	1023	21	0	4	1	1	0
801	569	1665	783	561	33	498	1032	21	0	4	1	1	0
793	568	1661	780	551	39	487	1042	21	0	4	1	1	0
783	561	1657	778	531	35	475	1028	21	0	4	1	1	0
782	546	1653	778	529	28	479	1007	21	0	4	1	1	0
782	540	1652	778	536	26	481	1009	21	0	4	1	1	0
777	539	1655	779	534	13	481	1014	21	0	4	1	1	0
779	535	1656	779	534	-1	486	1009	21	0	4	1	1	0
784	539	1653	776	539	18	490	1009	21	0	4	1	1	0
785	543	1660	778	542	39	489	1020	21	0	4	1	1	0
783	536	1667	780	536	31	482	1017	21	0	4	1	1	0
779	536	1664	780	532	39	484	1013	21	0	4	1	1	0
785	544	1662	781	550	61	495	1029	21	0	4	1	1	0
799	542	1665	782	557	41	490	1025	21	0	4	1	1	0
803	537	1667	779	552	15	485	1006	21	0	4	1	1	0
794	540	1666	780	557	30	492	1011	21	0	4	1	1	0
788	539	1662	781	551	40	493	1021	21	0	4	1	1	0
783	526	1657	778	533	21	478	1009	21	0	4	1	1	0
778	527	1659	777	532	24	479	1005	21	0	4	1	1	0
787	538	1658	779	538	32	494	1013	21	0	4	1	1	0
796	523	1652	781	531	10	495	1004	21	0	4	1	1	0
788	500	1654	779	531	-3	484	992	21	0	4	1	1	0
780	500	1651	776	534	6	479	993	21	0	4	1	1	0
786	499	1643	775	531	1	481	990	21	0	4	1	1	0
788	488	1650	777	528	-12	477	979	21	0	4	1	1	0
787	494	1659	779	529	-6	481	986	21	0	4	1	1	0
800	506	1661	779	548	7	497	1008	21	0	4	1	1	0
812	506	1667	781	561	7	503	1007	21	0	4	1	1	0
809	502	1670	780	544	0	494	993	21	0	4	1	1	0
807	489	1663	779	531	-2	491	989	21	0	4	1	1	0
810	473	1663	778	539	-3	494	986	21	0	4	1	1	0
812	482	1669	779	542	-10	488	981	21	0	4	1	1	0
813	502	1667	779	544	-6	483	987	21	0	4	1	1	0
814	494	1661	781	558	3	487	993	21	0	4	1	1	0
816	483	1664	781	565	-3	496	990	21	0	4	1	1	0
827	498	1672	782	570	9	505	999	21	0	4	1	1	0
835	519	1671	785	577	34	506	1018	21	0	4	1	1	0
829	506	1665	785	573	22	502	1011	21	0	4	1	1	0
816	479	1666	785	562	-7	499	983	21	0	4	1	1	0
812	478	1669	784	563	-5	500	983	21	0	4	1	1	0
814	478	1668	782	568	1	503	992	21	0	4	1	1	0
811	451	1661	779	551	-22	494	975	21	0	4	1	1	0
804	437	1650	776	532	-22	481	965	21	0	4	1	1	0
807	448	1653	775	542	-3	485	976	21	0	4	1	1	0
818	453	1665	778	562	-15	496	979	21	0	4	1	1	0
823	458	1668	780	564	-21	500	976	21	0	4	1	1	0
816	473	1666	779	565	-1	500	986	21	0	4	1	1	0
816	470	1669	781	572	5	501	987	21	0	4	1	1	0
833	470	1672	783	572	-5	500	983	21	0	4	1	1	0
837	476	1668	782	572	-12	500	981	21	0	4	1	1	0
818	453	1665	780	566	-30	497	978	21	0	4	1	1	0
818	441	1666	778	563	-30	495	980	21	0	4	1	1	0
839	463	1666	778	573	-3	500	986	21	0	4	1	1	0
846	477	1667	780	584	7	502	989	21	0	4	1	1	0
839	469	1672	781	590	-1	504	989	21	0	4	1	1	0
840	471	1665	780	597	1	502	995	21	0	4	1	1	0
840	473	1649	778	595	4	490	995	21	0	4	1	1	0
828	453	1644	775	586	-3	486	981	21	0	4	1	1	0
829	447	1647	777	598	1	496	983	21	0	4	1	1	0
844	466	1646	780	609	22	501	1004	21	0	4	1	1	0
847	472	1643	774	596	45	491	1012	21	0	4	1	1	0
827	463	1635	765	598	51	480	1004	21	0	4	1	1	0
816	467	1633	768	618	52	479	1014	21	0	4	1	1	0
828	478	1640	772	632	74	482	1037	21	0	4	1	1	0
827	473	1632	761	640	95	478	1048	21	0	4	1	1	0
813	476	1609	752	655	101	472	1056	21	0	4	1	1	0
816	494	1602	753	671	119	474	1074	21	0	4	1	1	0
831	517	1613	755	685	159	477	1096	21	0	4	1	1	0
834	539	1618	760	705	195	476	1119	21	0	4	1	1	0
831	547	1614	767	722	206	476	1136	21	0	4	1	1	0
834	541	1616	769	737	197	480	1137	21	0	4	1	1	0
840	535	1617	770	748	192	480	1130	21	0	4	1	1	0
845	538	1622	777	751	203	480	1131	21	0	4	1	1	0
850	534	1630	778	748	201	481	1133	21	0	4	1	1	0
857	531	1628	775	748	201	479	1133	21	0	4	1	1	0
867	536	1624	775	757	215	479	1133	21	0	4	1	1	0
860	536	1631	777	752	209	481	1130	21	0	4	1	1	0
848	530	1635	779	739	193	486	1125	21	0	4	1	1	0
855	532	1632	779	741	207	494	1127	21	0	4	1	1	0
871	540	1637	781	752	219	504	1133	21	0	4	1	1	0
870	534	1643	782	753	209	501	1132	21	0	4	1	1	0
858	517	1638	779	746	199	490	1124	21	0	4	1	1	0
853	515	1636	776	747	210	491	1124	21	0	4	1	1	0
860	530	1641	777	754	228	497	1131	21	0	4	1	1	0
873	532	1643	779	757	229	500	1132	21	0	4	1	1	0
873	514	1643	778	753	216	500	1125	21	0	4	1	1	0
859	505	1643	776	750	213	495	1121	21	0	4	1	1	0
855	511	1638	776	751	218	493	1130	21	0	4	1	1	0
857	512	1634	779	750	219	499	1129	21	0	4	1	1	0
855	499	1637	778	745	207	497	1108	21	0	4	1	1	0
851	492	1640	774	739	200	493	1095	21	0	4	1	1	0
850	488	1639	774	733	209	499	1101	21	0	4	1	1	0
846	478	1639	773	727	204	494	1104	21	0	4	1	1	0
843	467	1638	769	724	182	488	1091	21	0	4	1	1	0
842	462	1639	767	721	175	495	1084	21	0	4	1	1	0
842	467	1636	766	721	187	499	1093	21	0	4	1	1	0
844	470	1636	765	731	197	497	1100	21	0	4	1	1	0
846	473	1641	768	738	202	499	1100	21	0	4	1	1	0
847	470	1636	763	741	193	497	1099	21	0	4	1	1	0
848	465	1632	754	743	181	488	1096	21	0	4	1	1	0
844	470	1643	761	744	185	492	1095	21	0	4	1	1	0
845	468	1647	771	743	176	500	1094	21	0	4	1	1	0
854	451	1638	766	740	159	499	1085	21	0	4	1	1	0
863	444	1638	763	741	164	497	1080	21	0	4	1	1	0
862	449	1643	765	731	169	502	1078	21	0	4	1	1	0
854	440	1641	761	714	152	503	1069	21	0	4	1	1	0
862	438	1648	767	725	149	502	1070	21	0	4	1	1	0
874	447	1663	780	749	162	507	1078	21	0	4	1	1	0
870	440	1670	776	745	153	508	1073	21	0	4	1	1	0
865	436	1666	774	739	153	505	1070	21	0	4	1	1	0
873	443	1663	779	752	157	505	1076	21	0	4	1	1	0
873	436	1667	769	751	135	506	1070	21	0	4	1	1	0
867	421	1660	760	742	124	502	1059	21	0	4	1	1	0
869	414	1646	764	742	124	499	1055	21	0	4	1	1	0
870	411	1650	768	735	101	501	1046	21	0	4	1	1	0
864	410	1658	762	726	95	501	1037	21	0	4	1	1	0
855	408	1647	752	733	118	498	1040	21	0	4	1	1	0
857	402	1635	750	742	123	499	1041	21	0	4	1	1	0
859	392	1636	752	736	115	499	1039	21	0	4	1	1	0
849	381	1643	750	722	114	497	1038	21	0	4	1	1	0
847	381	1653	750	722	109	500	1036	21	0	4	1	1	0
860	389	1654	757	730	103	503	1040	21	0	4	1	1	0
856	385	1648	754	728	97	499	1041	21	0	4	1	1	0
844	376	1657	750	720	86	497	1028	21	0	4	1	1	0
850	381	1664	756	725	99	501	1026	21	0	4	1	1	0
854	383	1656	758	733	120	501	1042	21	0	4	1	1	0
845	372	1648	751	726	111	497	1043	21	0	4	1	1	0
840	365	1648	747	722	93	496	1024	21	0	4	1	1	0
848	366	1650	753	724	96	503	1021	21	0	4	1	1	0
855	362	1662	760	717	90	507	1022	21	0	4	1	1	0
863	359	1666	757	719	70	503	1013	21	0	4	1	1	0
866	370	1655	752	741	78	500	1019	21	0	4	1	1	0
865	384	1651	754	752	99	503	1038	21	0	4	1	1	0
873	384	1662	760	746	95	508	1034	21	0	4	1	1	0
875	375	1668	759	747	91	508	1022	21	0	4	1	1	0
873	372	1666	755	749	111	507	1032	21	0	4	1	1	0
873	377	1659	755	748	128	506	1043	21	0	4	1	1	0
863	372	1645	753	746	127	502	1039	21	0	4	1	1	0
844	354	1641	750	732	124	498	1028	21	0	4	1	1	0
837	346	1653	751	719	112	500	1013	21	0	4	1	1	0
854	347	1654	751	725	101	503	1013	21	0	4	1	1	0
857	343	1639	749	726	104	498	1018	21	0	4	1	1	0
843	343	1632	748	717	109	494	1014	21	0	4	1	1	0
842	349	1641	748	731	114	498	1021	21	0	4	1	1	0
849	354	1647	750	743	118	502	1034	21	0	4	1	1	0
849	355	1642	750	734	106	497	1025	21	0	4	1	1	0
851	344	1639	748	734	89	487	1010	21	0	4	1	1	0
858	337	1640	749	749	98	489	1016	21	0	4	1	1	0
859	349	1643	753	752	112	502	1024	21	0	4	1	1	0
858	355	1642	754	747	104	502	1016	21	0	4	1	1	0
852	342	1639	750	743	93	489	1009	21	0	4	1	1	0
845	335	1643	747	741	93	487	1008	21	0	4	1	1	0
839	325	1644	747	739	84	488	1001	21	0	4	1	1	0
828	310	1629	748	728	62	481	986	21	0	4	1	1	0
824	313	1623	746	720	59	476	986	21	0	4	1	1	0
829	313	1636	743	721	57	478	986	21	0	4	1	1	0
825	292	1639	747	716	30	480	970	21	0	4	1	1	0
815	280	1630	745	711	19	478	959	21	0	4	1	1	0
822	291	1632	734	718	41	479	970	21	0	4	1	1	0
825	296	1630	736	723	48	482	980	21	0	4	1	1	0
815	288	1622	743	720	33	482	972	21	0	4	1	1	0
811	276	1629	744	716	26	477	957	21	0	4	1	1	0
814	271	1633	743	715	23	476	953	21	0	4	1	1	0
814	274	1621	745	720	24	478	960	21	0	4	1	1	0
820	273	1618	745	723	24	475	956	21	0	4	1	1	0
835	269	1635	748	719	29	482	959	21	0	4	1	1	0
843	278	1649	752	731	48	497	980	21	0	4	1	1	0
843	289	1646	750	750	59	501	981	21	0	4	1	1	0
840	283	1638	750	741	50	498	963	21	0	4	1	1	0
835	274	1639	749	719	52	498	967	21	0	4	1	1	0
838	275	1642	749	723	64	498	981	21	0	4	1	1	0
852	275	1645	752	741	53	502	977	21	0	4	1	1	0
854	273	1643	750	746	41	503	971	21	0	4	1	1	0
843	274	1636	747	745	53	491	979	21	0	4	1	1	0
843	273	1633	747	745	65	491	979	21	0	4	1	1	0
846	272	1637	747	747	59	497	966	21	0	4	1	1	0
840	274	1636	748	749	55	492	967	21	0	4	1	1	0
852	278	1635	749	749	77	489	982	21	0	4	1	1	0
872	288	1642	752	757	94	500	986	21	0	4	1	1	0
860	281	1642	751	751	63	503	969	21	0	4	1	1	0
838	256	1634	745	728	27	491	955	21	0	4	1	1	0
845	251	1633	745	726	26	485	959	21	0	4	1	1	0
856	263	1637	749	740	32	489	961	21	0	4	1	1	0
846	255	1637	746	732	28	487	952	21	0	4	1	1	0
840	244	1636	748	718	31	484	948	21	0	4	1	1	0
846	245	1636	752	723	29	492	947	21	0	4	1	1	0
845	248	1640	750	727	29	492	945	21	0	4	1	1	0
840	247	1637	742	724	32	476	949	21	0	4	1	1	0
839	239	1624	731	718	26	472	948	21	0	4	1	1	0
842	238	1616	730	719	22	480	945	21	0	4	1	1	0
845	255	1627	742	736	30	481	948	21	0	4	1	1	0
845	257	1637	746	738	34	478	951	21	0	4	1	1	0
848	239	1636	744	721	30	483	948	21	0	4	1	1	0
859	242	1637	750	720	32	494	941	21	0	4	1	1	0
863	249	1641	748	725	31	500	936	21	0	4	1	1	0
851	234	1637	739	719	24	497	932	21	0	4	1	1	0
857	235	1639	742	721	28	496	935	21	0	4	1	1	0
873	243	1656	748	734	40	496	945	21	0	4	1	1	0
857	225	1666	747	723	37	497	942	21	0	4	1	1	0
835	211	1659	743	699	13	497	919	21	0	4	1	1	0
843	215	1659	744	688	-9	495	901	21	0	4	1	1	0
856	199	1669	745	666	-27	497	888	21	0	4	1	1	0
859	164	1670	746	635	-59	503	861	21	0	4	1	1	0
865	152	1668	747	620	-83	504	844	21	0	4	1	1	0
868	157	1679	742	607	-97	501	831	21	0	4	1	1	0
876	158	1694	748	592	-116	506	816	21	0	4	1	1	0
885	153	1697	750	587	-135	508	807	21	0	4	1	1	0
877	143	1684	733	573	-152	503	792	21	0	4	1	1	0
869	129	1674	726	555	-178	503	779	21	0	4	1	1	0
872	122	1685	742	558	-197	507	777	21	0	4	1	1	0
877	115	1702	751	563	-207	513	764	21	0	4	1	1	0
886	100	1701	746	563	-218	513	754	21	0	4	1	1	0
882	92	1694	748	566	-217	508	762	21	0	4	1	1	0
863	90	1696	747	562	-212	508	757	21	0	4	1	1	0
850	85	1688	740	561	-219	507	742	21	0	4	1	1	0
846	81	1679	742	568	-214	505	752	21	0	4	1	1	0
849	87	1687	748	583	-202	507	757	21	0	4	1	1	0
853	90	1690	747	594	-207	509	755	21	0	4	1	1	0
846	89	1676	740	590	-211	508	767	21	0	4	1	1	0
839	90	1668	743	595	-212	509	767	21	0	4	1	1	0
853	93	1675	750	621	-212	509	757	21	0	4	1	1	0
865	93	1678	748	633	-199	504	765	21	0	4	1	1	0
851	91	1670	743	625	-187	501	780	21	0	4	1	1	0
844	94	1666	745	628	-181	505	781	21	0	4	1	1	0
852	97	1674	749	635	-176	510	781	21	0	4	1	1	0
852	91	1676	747	627	-181	506	782	21	0	4	1	1	0
844	93	1669	746	626	-187	502	781	21	0	4	1	1	0
835	94	1667	747	633	-178	503	783	21	0	4	1	1	0
821	73	1668	748	630	-179	502	779	21	0	4	1	1	0
821	68	1671	748	626	-183	497	775	21	0	4	1	1	0
837	91	1671	750	629	-166	499	783	21	0	4	1	1	0
842	95	1679	753	639	-151	507	793	21	0	4	1	1	0
844	91	1692	755	651	-151	509	791	21	0	4	1	1	0
842	88	1684	752	644	-164	506	780	21	0	4	1	1	0
833	70	1677	749	630	-184	505	775	21	0	4	1	1	0
839	75	1689	752	633	-177	509	778	21	0	4	1	1	0
845	98	1688	754	640	-157	507	780	21	0	4	1	1	0
831	82	1672	752	632	-169	504	779	21	0	4	1	1	0
817	56	1672	748	627	-186	503	777	21	0	4	1	1	0
814	64	1674	750	629	-180	504	764	21	0	4	1	1	0
811	60	1667	748	618	-184	503	748	21	0	4	1	1	0
804	35	1664	741	603	-194	493	749	21	0	4	1	1	0
801	31	1664	741	599	-183	490	755	21	0	4	1	1	0
800	34	1667	745	606	-186	500	749	21	0	4	1	1	0
798	37	1666	745	616	-191	506	751	21	0	4	1	1	0
804	54	1670	747	629	-164	503	770	21	0	4	1	1	0
809	66	1689	750	637	-141	505	781	21	0	4	1	1	0
813	68	1696	748	638	-153	508	779	21	0	4	1	1	0
826	67	1691	750	633	-159	508	777	21	0	4	1	1	0
836	67	1693	751	629	-151	509	777	21	0	4	1	1	0
829	69	1691	749	644	-155	506	778	21	0	4	1	1	0
832	76	1690	751	660	-157	505	782	21	0	4	1	1	0
839	75	1692	753	654	-156	508	779	21	0	4	1	1	0
830	78	1681	752	650	-156	508	778	21	0	4	1	1	0
828	88	1673	752	654	-154	508	783	21	0	4	1	1	0
829	73	1675	750	640	-165	508	769	21	0	4	1	1	0
813	50	1670	746	621	-186	505	749	21	0	4	1	1	0
804	50	1666	748	622	-185	504	747	21	0	4	1	1	0
821	60	1672	749	628	-165	507	756	21	0	4	1	1	0
833	64	1671	749	637	-151	508	770	21	0	4	1	1	0
834	79	1673	752	656	-137	507	783	21	0	4	1	1	0
837	98	1678	751	663	-124	510	784	21	0	4	1	1	0
839	95	1678	749	654	-120	509	783	21	0	4	1	1	0
839	91	1684	751	654	-121	508	789	21	0	4	1	1	0
845	95	1695	754	658	-125	513	787	21	0	4	1	1	0
845	92	1695	753	655	-127	515	782	21	0	4	1	1	0
828	91	1689	752	655	-124	508	784	21	0	4	1	1	0
817	87	1684	750	650	-127	505	783	21	0	4	1	1	0
821	71	1673	749	632	-147	507	776	21	0	4	1	1	0
821	65	1666	746	625	-158	508	773	21	0	4	1	1	0
816	83	1669	746	637	-149	503	776	21	0	4	1	1	0
810	90	1668	748	640	-140	497	778	21	0	4	1	1	0
813	72	1664	746	630	-143	499	778	21	0	4	1	1	0
818	68	1666	746	625	-149	506	778	21	0	4	1	1	0
825	85	1671	749	638	-139	507	778	21	0	4	1	1	0
832	91	1670	748	657	-128	506	780	21	0	4	1	1	0
837	82	1671	747	654	-135	507	780	21	0	4	1	1	0
833	79	1671	749	643	-148	507	780	21	0	4	1	1	0
824	71	1668	744	637	-154	503	771	21	0	4	1	1	0
825	68	1665	740	634	-152	501	764	21	0	4	1	1	0
833	75	1664	748	637	-145	503	768	21	0	4	1	1	0
833	74	1664	744	640	-137	504	780	21	0	4	1	1	0
828	71	1658	734	635	-141	500	777	21	0	4	1	1	0
828	70	1652	741	628	-147	499	759	21	0	4	1	1	0
831	63	1659	752	625	-136	503	759	21	0	4	1	1	0
834	71	1667	750	632	-125	505	772	21	0	4	1	1	0
839	94	1668	747	655	-114	505	783	21	0	4	1	1	0
837	100	1670	749	668	-93	507	789	21	0	4	1	1	0
833	94	1671	748	662	-94	510	787	21	0	4	1	1	0
835	93	1666	748	657	-126	507	780	21	0	4	1	1	0
844	95	1668	750	666	-125	505	790	21	0	4	1	1	0
852	102	1672	749	678	-98	511	810	21	0	4	1	1	0
849	101	1671	748	670	-110	513	805	21	0	4	1	1	0
843	90	1670	749	656	-121	505	790	21	0	4	1	1	0
843	86	1669	750	660	-101	505	794	21	0	4	1	1	0
840	86	1667	745	665	-87	509	806	21	0	4	1	1	0
829	85	1670	745	662	-88	508	804	21	0	4	1	1	0
830	87	1673	749	674	-93	506	797	21	0	4	1	1	0
839	92	1675	749	691	-92	507	804	21	0	4	1	1	0
840	98	1676	747	694	-75	509	812	21	0	4	1	1	0
840	98	1674	749	693	-59	510	813	21	0	4	1	1	0
842	96	1671	750	694	-61	508	811	21	0	4	1	1	0
829	92	1670	746	690	-72	506	811	21	0	4	1	1	0
815	73	1671	746	673	-84	506	803	21	0	4	1	1	0
824	59	1670	751	662	-98	507	793	21	0	4	1	1	0
829	59	1667	744	670	-112	504	785	21	0	4	1	1	0
824	61	1666	732	684	-113	503	784	21	0	4	1	1	0
828	67	1670	742	688	-95	507	801	21	0	4	1	1	0
828	73	1674	747	685	-84	509	810	21	0	4	1	1	0
821	66	1670	731	683	-94	505	797	21	0	4	1	1	0
821	58	1668	734	687	-96	504	792	21	0	4	1	1	0
832	64	1674	750	694	-90	509	804	21	0	4	1	1	0
839	74	1673	748	694	-89	511	810	21	0	4	1	1	0
836	85	1671	741	689	-80	509	807	21	0	4	1	1	0
834	86	1681	745	689	-74	508	810	21	0	4	1	1	0
840	88	1693	748	691	-82	510	812	21	0	4	1	1	0
843	88	1684	748	692	-89	510	809	21	0	4	1	1	0
837	77	1669	746	691	-92	505	807	21	0	4	1	1	0
840	79	1679	745	691	-95	507	808	21	0	4	1	1	0
845	81	1690	748	687	-94	512	807	21	0	4	1	1	0
841	73	1676	748	683	-93	509	803	21	0	4	1	1	0
837	79	1664	744	682	-93	505	806	21	0	4	1	1	0
840	92	1680	745	683	-76	507	812	21	0	4	1	1	0
841	92	1695	749	686	-58	509	814	21	0	4	1	1	0
838	88	1688	749	686	-59	508	814	21	0	4	1	1	0
839	92	1677	747	683	-70	508	812	21	0	4	1	1	0
841	89	1675	746	681	-80	506	810	21	0	4	1	1	0
840	85	1684	746	681	-82	507	810	21	0	4	1	1	0
842	90	1690	748	683	-85	511	809	21	0	4	1	1	0
844	97	1683	746	689	-93	510	812	21	0	4	1	1	0
846	84	1676	747	691	-92	509	810	21	0	4	1	1	0
836	60	1672	745	676	-98	506	790	21	0	4	1	1	0
816	57	1667	732	662	-116	501	778	21	0	4	1	1	0
813	57	1662	722	658	-111	500	781	21	0	4	1	1	0
827	60	1663	724	664	-94	503	785	21	0	4	1	1	0
832	75	1664	730	681	-93	503	798	21	0	4	1	1	0
827	78	1665	734	691	-95	501	808	21	0	4	1	1	0
833	73	1664	736	685	-93	504	803	21	0	4	1	1	0
842	82	1666	738	681	-94	507	802	21	0	4	1	1	0
844	87	1670	742	686	-90	504	810	21	0	4	1	1	0
839	74	1668	732	686	-90	501	805	21	0	4	1	1	0
830	71	1663	717	681	-96	502	799	21	0	4	1	1	0
826	82	1666	732	680	-94	503	804	21	0	4	1	1	0
828	85	1670	748	682	-86	504	809	21	0	4	1	1	0
829	83	1666	741	688	-76	503	808	21	0	4	1	1	0
830	88	1664	740	693	-65	503	812	21	0	4	1	1	0
835	96	1668	747	693	-60	506	819	21	0	4	1	1	0
839	91	1673	749	691	-65	509	817	21	0	4	1	1	0
838	86	1675	748	689	-66	509	811	21	0	4	1	1	0
841	92	1673	748	693	-62	508	813	21	0	4	1	1	0
842	95	1672	747	691	-61	507	818	21	0	4	1	1	0
836	93	1670	745	686	-50	507	823	21	0	4	1	1	0
838	97	1670	745	701	-32	508	834	21	0	4	1	1	0
838	99	1671	747	719	-33	507	834	21	0	4	1	1	0
829	91	1667	746	711	-59	504	818	21	0	4	1	1	0
828	90	1664	740	707	-67	501	811	21	0	4	1	1	0
839	95	1668	744	722	-58	506	819	21	0	4	1	1	0
839	94	1671	752	720	-63	514	823	21	0	4	1	1	0
842	106	1680	752	721	-51	511	833	21	0	4	1	1	0
857	129	1693	751	742	-10	516	853	21	0	4	1	1	0
854	126	1689	751	752	-4	526	851	21	0	4	1	1	0
842	113	1674	752	742	-30	516	837	21	0	4	1	1	0
846	117	1670	752	735	-28	506	841	21	0	4	1	1	0
843	110	1667	748	735	-20	511	845	21	0	4	1	1	0
831	89	1661	744	729	-35	509	835	21	0	4	1	1	0
834	86	1662	746	733	-42	501	832	21	0	4	1	1	0
844	94	1662	746	746	-28	504	843	21	0	4	1	1	0
848	100	1655	741	754	-10	506	852	21	0	4	1	1	0
849	110	1653	742	767	9	506	862	21	0	4	1	1	0
850	122	1660	749	781	40	509	879	21	0	4	1	1	0
848	129	1660	749	787	57	507	891	21	0	4	1	1	0
846	123	1652	744	785	45	506	890	21	0	4	1	1	0
852	116	1648	743	796	39	508	885	21	0	4	1	1	0
859	132	1643	744	810	59	506	896	21	0	4	1	1	0
859	154	1634	745	823	77	504	912	21	0	4	1	1	0
855	150	1635	744	832	96	503	919	21	0	4	1	1	0
856	149	1636	740	836	112	500	922	21	0	4	1	1	0
861	157	1623	736	844	115	498	928	21	0	4	1	1	0
866	154	1625	739	851	118	502	931	21	0	4	1	1	0
867	152	1635	744	856	126	503	935	21	0	4	1	1	0
866	154	1623	744	863	127	498	937	21	0	4	1	1	0
870	148	1612	743	871	131	497	936	21	0	4	1	1	0
877	146	1618	745	878	140	500	942	21	0	4	1	1	0
882	154	1614	747	886	153	499	950	21	0	4	1	1	0
882	152	1598	745	892	156	496	951	21	0	4	1	1	0
881	146	1601	742	890	150	498	952	21	0	4	1	1	0
891	151	1606	745	895	165	503	965	21	0	4	1	1	0
900	156	1600	750	913	197	502	974	21	0	4	1	1	0
902	158	1598	748	926	209	500	982	21	0	4	1	1	0
910	164	1598	746	932	210	498	998	21	0	4	1	1	0
917	175	1593	750	945	226	494	1007	21	0	4	1	1	0
919	183	1582	750	955	247	496	1008	21	0	4	1	1	0
917	183	1577	746	959	252	499	1011	21	0	4	1	1	0
913	169	1579	746	964	243	497	1010	21	0	4	1	1	0
913	157	1578	747	971	245	496	1009	21	0	4	1	1	0
923	171	1573	749	982	268	498	1028	21	0	4	1	1	0
928	186	1573	751	1000	280	495	1042	21	0	4	1	1	0
925	177	1577	751	1010	279	497	1037	21	0	4	1	1	0
930	168	1570	749	1008	287	499	1039	21	0	4	1	1	0
929	172	1560	747	1014	299	488	1043	21	0	4	1	1	0
917	169	1550	747	1028	299	476	1039	21	0	4	1	1	0
915	169	1545	747	1030	305	477	1045	21	0	4	1	1	0
924	181	1550	748	1037	318	482	1055	21	0	4	1	1	0
922	185	1544	748	1061	326	479	1060	21	0	4	1	1	0
915	182	1528	747	1073	340	474	1068	21	0	4	1	1	0
918	185	1519	747	1077	365	471	1075	21	0	4	1	1	0
914	189	1512	747	1093	385	471	1078	21	0	4	1	1	0
899	185	1507	746	1100	386	474	1082	21	0	4	1	1	0
896	181	1510	744	1097	381	474	1086	21	0	4	1	1	0
901	179	1508	746	1108	390	471	1088	21	0	4	1	1	0
899	184	1502	752	1125	411	471	1096	21	0	4	1	1	0
900	192	1503	749	1140	422	473	1104	21	0	4	1	1	0
896	181	1488	746	1151	418	464	1099	21	0	4	1	1	0
883	177	1469	745	1159	426	450	1097	21	0	4	1	1	0
877	188	1467	735	1172	454	445	1116	21	0	4	1	1	0
874	190	1457	724	1175	474	447	1132	21	0	4	1	1	0
877	196	1447	736	1178	487	447	1132	21	0	4	1	1	0
886	206	1451	744	1191	502	445	1129	21	0	4	1	1	0
880	198	1447	730	1194	506	443	1130	21	0	4	1	1	0
870	190	1433	723	1190	500	440	1132	21	0	4	1	1	0
870	192	1432	726	1196	488	439	1122	21	0	4	1	1	0
867	179	1436	726	1196	469	441	1098	21	0	4	1	1	0
863	177	1435	727	1187	472	441	1098	21	0	4	1	1	0
857	191	1432	727	1189	502	440	1127	21	0	4	1	1	0
851	194	1433	723	1190	521	441	1135	21	0	4	1	1	0
857	195	1438	727	1193	527	442	1129	21	0	4	1	1	0
852	193	1428	738	1196	530	438	1131	21	0	4	1	1	0
837	194	1415	739	1204	527	435	1128	21	0	4	1	1	0
848	210	1427	745	1225	540	437	1136	21	0	4	1	1	0
856	218	1438	752	1230	562	441	1157	21	0	4	1	1	0
844	210	1422	746	1225	569	439	1162	21	0	4	1	1	0
836	212	1410	744	1240	568	440	1159	21	0	4	1	1	0
825	221	1417	747	1245	568	442	1162	21	0	4	1	1	0
810	211	1412	742	1238	564	435	1158	21	0	4	1	1	0
804	199	1402	733	1247	561	426	1156	21	0	4	1	1	0
805	206	1405	740	1255	568	424	1159	21	0	4	1	1	0
807	214	1398	745	1248	560	419	1148	21	0	4	1	1	0
803	200	1380	731	1247	534	414	1131	21	0	4	1	1	0
792	183	1384	729	1249	523	416	1130	21	0	4	1	1	0
785	185	1400	744	1242	535	417	1137	21	0	4	1	1	0
784	189	1402	747	1244	545	415	1136	21	0	4	1	1	0
781	184	1400	736	1254	541	415	1136	21	0	4	1	1	0
786	185	1402	743	1251	534	417	1139	21	0	4	1	1	0
784	187	1402	747	1230	513	418	1126	21	0	4	1	1	0
766	173	1398	733	1216	475	416	1102	21	0	4	1	1	0
752	167	1391	733	1222	452	415	1094	21	0	4	1	1	0
752	188	1397	750	1227	453	419	1104	21	0	4	1	1	0
757	202	1409	752	1218	448	421	1104	21	0	4	1	1	0
746	183	1403	731	1192	426	417	1086	21	0	4	1	1	0
724	169	1399	721	1169	409	414	1069	21	0	4	1	1	0
707	178	1408	727	1162	409	415	1066	21	0	4	1	1	0
694	186	1408	725	1150	414	414	1071	21	0	4	1	1	0
685	185	1402	719	1133	402	411	1069	21	0	4	1	1	0
687	185	1408	720	1129	382	415	1062	21	0	4	1	1	0
688	187	1411	723	1126	381	419	1054	21	0	4	1	1	0
676	188	1409	719	1109	384	417	1049	21	0	4	1	1	0
653	185	1409	718	1078	359	411	1040	21	0	4	1	1	0
634	178	1410	716	1047	325	410	1018	21	0	4	1	1	0
627	178	1414	714	1034	318	411	1008	21	0	4	1	1	0
631	195	1426	715	1031	327	413	1012	21	0	4	1	1	0
629	210	1443	717	1014	323	416	1011	21	0	4	1	1	0
628	220	1460	719	1003	321	417	1015	21	0	4	1	1	0
631	241	1471	724	1005	332	420	1027	21	0	4	1	1	0
620	259	1470	723	989	329	423	1021	21	0	4	1	1	0
599	265	1468	717	962	307	422	1005	21	0	4	1	1	0
594	277	1478	717	946	299	423	1007	21	0	4	1	1	0
593	287	1491	720	929	294	427	1011	21	0	4	1	1	0
590	291	1498	720	906	274	428	1000	21	0	4	1	1	0
588	307	1501	717	888	270	431	994	21	0	4	1	1	0
579	321	1507	716	879	280	436	997	21	0	4	1	1	0
562	316	1511	717	852	259	438	985	21	0	4	1	1	0
558	317	1518	714	814	235	437	972	21	0	4	1	1	0
563	341	1538	716	809	249	442	984	21	0	4	1	1	0
564	360	1550	718	811	257	444	994	21	0	4	1	1	0
555	364	1545	715	791	241	442	984	21	0	4	1	1	0
540	373	1542	714	772	235	441	979	21	0	4	1	1	0
536	385	1546	710	766	226	441	982	21	0	4	1	1	0
540	398	1544	697	751	212	441	977	21	0	4	1	1	0
534	416	1544	691	728	227	440	984	21	0	4	1	1	0
533	443	1548	698	719	267	439	1011	21	0	4	1	1	0
528	474	1548	699	726	289	440	1030	21	0	4	1	1	0
515	500	1548	694	736	299	443	1045	21	0	4	1	1	0
524	523	1548	691	744	329	445	1077	21	0	4	1	1	0
529	545	1544	692	738	359	438	1101	21	0	4	1	1	0
510	568	1547	695	725	373	439	1112	21	0	4	1	1	0
506	589	1546	692	725	398	445	1132	21	0	4	1	1	0
516	611	1533	687	725	420	433	1147	21	0	4	1	1	0
509	624	1532	686	702	413	422	1138	21	0	4	1	1	0
514	632	1545	687	686	407	433	1138	21	0	4	1	1	0
535	662	1546	688	695	422	444	1162	21	0	4	1	1	0
537	689	1543	685	698	424	441	1173	21	0	4	1	1	0
531	696	1543	687	683	414	436	1162	21	0	4	1	1	0
532	708	1551	683	670	424	437	1167	21	0	4	1	1	0
535	725	1566	665	661	438	443	1184	21	0	4	1	1	0
524	722	1566	652	633	424	446	1175	21	0	4	1	1	0
504	711	1559	654	593	390	440	1153	21	0	4	1	1	0
503	716	1573	653	567	379	440	1151	21	0	4	1	1	0
510	723	1583	637	547	393	444	1156	21	0	4	1	1	0
505	731	1573	625	520	400	440	1157	21	0	4	1	1	0
514	755	1581	640	507	407	441	1164	21	0	4	1	1	0
531	776	1598	655	498	417	448	1170	21	0	4	1	1	0
516	765	1591	641	466	401	445	1163	21	0	4	1	1	0
497	751	1584	625	434	377	441	1156	21	0	4	1	1	0
504	769	1598	634	433	381	449	1160	21	0	4	1	1	0
508	783	1606	637	429	388	451	1164	21	0	4	1	1	0
500	779	1607	629	403	389	444	1161	21	0	4	1	1	0
503	796	1617	631	389	401	450	1163	21	0	4	1	1	0
511	815	1621	635	385	407	460	1169	21	0	4	1	1	0
509	810	1616	632	359	405	453	1167	21	0	4	1	1	0
502	812	1618	630	331	411	443	1166	21	0	4	1	1	0
501	828	1623	632	319	411	449	1172	21	0	4	1	1	0
507	839	1624	631	312	409	454	1178	21	0	4	1	1	0
510	842	1629	628	303	420	449	1185	21	0	4	1	1	0
505	842	1636	629	289	411	450	1188	21	0	4	1	1	0
510	851	1637	631	275	394	459	1187	21	0	4	1	1	0
527	868	1634	629	267	401	459	1188	21	0	4	1	1	0
536	879	1633	626	257	404	452	1192	21	0	4	1	1	0
529	883	1635	625	248	390	452	1188	21	0	4	1	1	0
522	901	1638	627	239	396	454	1188	21	0	4	1	1	0
525	923	1634	624	226	431	453	1208	21	0	4	1	1	0
531	926	1622	618	213	451	451	1227	21	0	4	1	1	0
529	919	1623	617	196	445	454	1225	21	0	4	1	1	0
525	924	1632	623	170	439	453	1217	21	0	4	1	1	0
531	935	1633	626	159	442	449	1219	21	0	4	1	1	0
532	934	1632	624	149	441	454	1220	21	0	4	1	1	0
527	933	1636	622	129	434	463	1220	21	0	4	1	1	0
529	946	1637	622	116	443	462	1223	21	0	4	1	1	0
534	959	1636	623	105	447	457	1224	21	0	4	1	1	0
535	952	1645	623	92	429	464	1220	21	0	4	1	1	0
534	952	1661	622	83	424	472	1221	21	0	4	1	1	0
543	974	1669	624	73	446	474	1229	21	0	4	1	1	0
554	982	1666	629	57	455	475	1230	21	0	4	1	1	0
548	970	1664	629	36	443	474	1226	21	0	4	1	1	0
535	964	1667	624	11	442	472	1225	21	0	4	1	1	0
533	975	1668	622	-5	453	471	1228	21	0	4	1	1	0
537	981	1667	621	-21	453	472	1227	21	0	4	1	1	0
535	972	1667	620	-51	442	470	1225	21	0	4	1	1	0
534	966	1665	620	-73	429	470	1225	21	0	4	1	1	0
535	965	1662	622	-90	418	470	1224	21	0	4	1	1	0
538	965	1677	625	-113	412	474	1222	21	0	4	1	1	0
541	969	1692	625	-134	411	480	1219	21	0	4	1	1	0
537	968	1687	622	-152	413	479	1219	21	0	4	1	1	0
535	959	1678	627	-171	410	478	1219	21	0	4	1	1	0
534	944	1676	620	-190	396	478	1209	21	0	4	1	1	0
526	933	1672	605	-200	378	475	1192	21	0	4	1	1	0
525	935	1668	607	-195	376	472	1190	21	0	4	1	1	0
533	948	1672	613	-188	382	475	1198	21	0	4	1	1	0
535	945	1672	610	-190	367	478	1197	21	0	4	1	1	0
533	929	1671	607	-189	347	475	1188	21	0	4	1	1	0
539	930	1679	605	-184	346	473	1191	21	0	4	1	1	0
552	943	1689	602	-186	351	477	1198	21	0	4	1	1	0
561	951	1686	606	-185	352	478	1203	21	0	4	1	1	0
568	951	1678	607	-176	355	476	1201	21	0	4	1	1	0
567	947	1673	600	-175	354	476	1196	21	0	4	1	1	0
565	954	1676	599	-184	362	477	1205	21	0	4	1	1	0
576	960	1684	606	-180	383	476	1221	21	0	4	1	1	0
589	963	1679	616	-159	381	478	1213	21	0	4	1	1	0
592	958	1667	620	-156	358	478	1191	21	0	4	1	1	0
602	954	1673	618	-167	348	476	1199	21	0	4	1	1	0
627	966	1693	622	-153	352	486	1219	21	0	4	1	1	0
636	975	1699	630	-128	357	502	1224	21	0	4	1	1	0
631	969	1696	627	-123	356	498	1222	21	0	4	1	1	0
630	960	1690	621	-132	346	486	1218	21	0	4	1	1	0
629	960	1683	620	-134	343	483	1220	21	0	4	1	1	0
636	963	1680	620	-127	342	479	1222	21	0	4	1	1	0
654	965	1686	620	-121	337	481	1220	21	0	4	1	1	0
664	968	1697	625	-121	336	497	1223	21	0	4	1	1	0
669	965	1698	629	-121	333	504	1225	21	0	4	1	1	0
684	959	1694	627	-122	322	497	1216	21	0	4	1	1	0
691	953	1693	627	-128	316	497	1210	21	0	4	1	1	0
683	957	1693	631	-122	322	499	1222	21	0	4	1	1	0
690	969	1692	620	-103	330	497	1228	21	0	4	1	1	0
707	973	1694	599	-94	333	498	1223	21	0	4	1	1	0
719	980	1699	591	-86	337	504	1235	21	0	4	1	1	0
731	995	1702	581	-66	361	506	1258	21	0	4	1	1	0
737	995	1702	555	-57	372	503	1259	21	0	4	1	1	0
736	981	1698	563	-66	344	501	1246	21	0	4	1	1	0
736	978	1695	626	-66	328	501	1245	21	0	4	1	1	0
744	987	1694	665	-55	348	504	1255	21	0	4	1	1	0
755	988	1696	661	-50	350	507	1260	21	0	4	1	1	0
768	983	1699	662	-55	326	508	1255	21	0	4	1	1	0
779	978	1699	669	-51	320	508	1252	21	0	4	1	1	0
780	981	1695	662	-32	330	507	1255	21	0	4	1	1	0
781	981	1697	659	-26	325	509	1247	21	0	4	1	1	0
787	965	1703	664	-53	298	510	1226	21	0	4	1	1	0
802	944	1699	658	-85	256	510	1199	21	0	4	1	1	0
814	921	1701	655	-95	219	511	1176	21	0	4	1	1	0
812	901	1717	659	-101	190	515	1163	21	0	4	1	1	0
821	889	1727	660	-116	154	524	1144	21	0	4	1	1	0
841	872	1723	657	-136	121	530	1114	21	0	4	1	1	0
833	838	1722	654	-157	95	529	1087	21	0	4	1	1	0
816	809	1727	654	-169	62	526	1070	21	0	4	1	1	0
827	808	1732	656	-170	44	525	1064	21	0	4	1	1	0
842	819	1727	658	-152	55	529	1070	21	0	4	1	1	0
838	819	1706	654	-133	61	527	1071	21	0	4	1	1	0
838	809	1698	652	-125	53	518	1075	21	0	4	1	1	0
844	808	1711	654	-110	56	518	1093	21	0	4	1	1	0
844	809	1706	657	-92	67	520	1100	21	0	4	1	1	0
838	810	1692	654	-87	67	513	1096	21	0	4	1	1	0
840	810	1697	652	-79	64	505	1099	21	0	4	1	1	0
851	811	1704	653	-58	75	515	1104	21	0	4	1	1	0
862	812	1704	654	-48	90	526	1103	21	0	4	1	1	0
872	815	1706	653	-39	90	521	1104	21	0	4	1	1	0
878	813	1704	654	-30	76	521	1106	21	0	4	1	1	0
876	797	1701	657	-35	63	531	1104	21	0	4	1	1	0
876	783	1703	654	-34	61	525	1098	21	0	4	1	1	0
883	774	1701	651	-28	60	507	1095	21	0	4	1	1	0
889	771	1698	655	-29	54	507	1094	21	0	4	1	1	0
889	769	1699	656	-23	55	506	1094	21	0	4	1	1	0
892	765	1700	653	-15	58	508	1097	21	0	4	1	1	0
902	767	1704	657	-1	59	529	1101	21	0	4	1	1	0
922	783	1711	664	21	75	534	1113	21	0	4	1	1	0
937	797	1706	664	35	96	523	1130	21	0	4	1	1	0
941	792	1697	660	42	96	522	1136	21	0	4	1	1	0
943	775	1697	660	54	86	517	1128	21	0	4	1	1	0
949	757	1697	659	58	85	511	1119	21	0	4	1	1	0
954	755	1692	653	52	91	524	1122	21	0	4	1	1	0
958	765	1691	655	51	93	531	1131	21	0	4	1	1	0
969	758	1698	662	66	97	523	1133	21	0	4	1	1	0
973	751	1701	663	86	103	527	1132	21	0	4	1	1	0
969	757	1692	661	94	103	529	1136	21	0	4	1	1	0
974	746	1677	661	88	90	519	1133	21	0	4	1	1	0
981	727	1677	661	86	85	515	1127	21	0	4	1	1	0
979	731	1677	661	98	92	517	1133	21	0	4	1	1	0
980	732	1670	657	114	91	522	1133	21	0	4	1	1	0
998	722	1680	662	120	86	528	1127	21	0	4	1	1	0
1011	726	1695	669	120	89	528	1131	21	0	4	1	1	0
1009	731	1683	665	120	93	529	1136	21	0	4	1	1	0
1002	720	1668	666	121	80	529	1128	21	0	4	1	1	0
1011	714	1676	684	128	71	529	1126	21	0	4	1	1	0
1027	721	1679	691	147	83	534	1135	21	0	4	1	1	0
1033	719	1668	681	160	88	526	1136	21	0	4	1	1	0
1032	718	1661	679	165	82	514	1135	21	0	4	1	1	0
1040	724	1670	684	174	85	528	1136	21	0	4	1	1	0
1056	721	1688	686	178	93	540	1140	21	0	4	1	1	0
1068	725	1695	686	190	96	533	1153	21	0	4	1	1	0
1082	742	1692	687	213	111	534	1166	21	0	4	1	1	0
1097	735	1694	690	219	118	540	1163	21	0	4	1	1	0
1100	713	1691	689	225	115	535	1159	21	0	4	1	1	0
1094	718	1675	689	244	121	532	1167	21	0	4	1	1	0
1093	724	1668	690	248	113	535	1168	21	0	4	1	1	0
1098	711	1677	692	240	93	536	1157	21	0	4	1	1	0
1097	706	1680	694	252	90	535	1155	21	0	4	1	1	0
1103	703	1672	692	263	98	537	1161	21	0	4	1	1	0
1111	692	1667	688	259	94	538	1158	21	0	4	1	1	0
1113	686	1669	689	264	86	534	1151	21	0	4	1	1	0
1120	688	1673	692	281	96	532	1157	21	0	4	1	1	0
1133	693	1675	693	294	108	536	1165	21	0	4	1	1	0
1129	688	1672	694	288	97	538	1157	21	0	4	1	1	0
1119	682	1672	697	283	85	537	1152	21	0	4	1	1	0
1128	689	1671	697	299	100	536	1165	21	0	4	1	1	0
1134	687	1666	693	310	104	533	1162	21	0	4	1	1	0
1130	661	1662	685	304	85	531	1136	21	0	4	1	1	0
1143	653	1667	693	311	83	533	1138	21	0	4	1	1	0
1165	664	1667	702	336	92	534	1162	21	0	4	1	1	0
1166	659	1662	701	344	92	531	1161	21	0	4	1	1	0
1158	655	1662	704	341	90	532	1154	21	0	4	1	1	0
1174	670	1665	713	357	93	537	1161	21	0	4	1	1	0
1193	675	1665	715	380	96	538	1167	21	0	4	1	1	0
1198	672	1665	713	393	111	536	1176	21	0	4	1	1	0
1210	692	1657	714	407	145	535	1197	21	0	4	1	1	0
1223	718	1639	713	425	177	533	1222	21	0	4	1	1	0
1225	729	1633	715	440	203	531	1249	21	0	4	1	1	0
1225	739	1640	716	459	218	533	1259	21	0	4	1	1	0
1229	737	1634	713	472	210	534	1251	21	0	4	1	1	0
1235	721	1620	714	481	199	532	1250	21	0	4	1	1	0
1243	718	1624	715	495	209	530	1258	21	0	4	1	1	0
1254	726	1635	713	503	226	531	1260	21	0	4	1	1	0
1272	726	1636	715	519	227	535	1260	21	0	4	1	1	0
1291	720	1626	718	538	218	536	1262	21	0	4	1	1	0
1291	727	1614	720	545	223	534	1265	21	0	4	1	1	0
1283	722	1605	717	540	225	532	1265	21	0	4	1	1	0
1279	697	1605	715	536	197	528	1254	21	0	4	1	1	0
1279	685	1605	716	543	181	530	1246	21	0	4	1	1	0
1281	690	1592	715	556	200	526	1251	21	0	4	1	1	0
1286	687	1582	713	564	202	519	1256	21	0	4	1	1	0
1302	693	1594	716	579	198	525	1258	21	0	4	1	1	0
1322	711	1606	720	604	212	534	1264	21	0	4	1	1	0
1322	701	1603	721	606	215	532	1265	21	0	4	1	1	0
1315	684	1603	720	600	208	530	1262	21	0	4	1	1	0
1315	686	1605	717	610	202	531	1262	21	0	4	1	1	0
1315	674	1603	719	610	190	527	1260	21	0	4	1	1	0
1315	657	1606	722	601	176	531	1249	21	0	4	1	1	0
1314	645	1612	724	594	164	535	1232	21	0	4	1	1	0
1313	635	1610	728	595	148	534	1222	21	0	4	1	1	0
1320	646	1609	729	615	149	535	1226	21	0	4	1	1	0
1325	654	1611	725	634	164	535	1234	21	0	4	1	1	0
1318	633	1605	726	629	162	532	1231	21	0	4	1	1	0
1309	617	1604	724	616	152	529	1223	21	0	4	1	1	0
1319	624	1609	721	627	150	527	1224	21	0	4	1	1	0
1337	632	1585	739	651	156	530	1230	21	0	4	1	1	0
1335	632	1533	748	662	156	534	1230	21	0	4	1	1	0
1313	609	1505	728	650	152	534	1218	21	0	4	1	1	0
1311	590	1518	728	646	150	531	1217	21	0	4	1	1	0
1325	598	1531	750	659	147	535	1222	21	0	4	1	1	0
1325	602	1532	753	661	143	537	1216	21	0	4	1	1	0
1320	587	1541	744	657	138	535	1217	21	0	4	1	1	0
1317	572	1548	747	662	136	534	1223	21	0	4	1	1	0
1310	568	1539	748	663	133	533	1210	21	0	4	1	1	0
1310	567	1537	743	652	122	533	1194	21	0	4	1	1	0
1311	563	1548	743	661	118	534	1196	21	0	4	1	1	0
1307	563	1546	744	689	120	534	1198	21	0	4	1	1	0
1308	559	1548	746	692	107	534	1186	21	0	4	1	1	0
1315	533	1573	749	670	85	535	1173	21	0	4	1	1	0
1313	505	1580	749	654	64	538	1155	21	0	4	1	1	0
1310	494	1575	748	651	40	541	1136	21	0	4	1	1	0
1316	496	1592	754	655	27	544	1132	21	0	4	1	1	0
1321	494	1601	756	662	30	545	1133	21	0	4	1	1	0
1316	475	1590	755	658	26	540	1125	21	0	4	1	1	0
1312	462	1589	754	649	17	538	1120	21	0	4	1	1	0
1316	470	1590	754	665	26	539	1130	21	0	4	1	1	0
1325	468	1590	762	690	37	545	1136	21	0	4	1	1	0
1323	446	1604	768	690	27	550	1125	21	0	4	1	1	0
1316	440	1606	771	691	18	547	1121	21	0	4	1	1	0
1333	458	1595	775	716	38	539	1138	21	0	4	1	1	0
1345	463	1600	776	723	39	540	1134	21	0	4	1	1	0
1327	437	1608	764	711	8	542	1112	21	0	4	1	1	0
1323	420	1602	757	718	5	539	1115	21	0	4	1	1	0
1331	426	1588	763	725	18	537	1120	21	0	4	1	1	0
1322	426	1584	767	728	6	540	1115	21	0	4	1	1	0
1328	420	1592	767	748	3	542	1124	21	0	4	1	1	0
1348	419	1593	770	757	9	540	1120	21	0	4	1	1	0
1342	415	1588	773	746	-4	537	1098	21	0	4	1	1	0
1341	419	1596	775	757	5	540	1103	21	0	4	1	1	0
1351	423	1600	776	769	19	544	1115	21	0	4	1	1	0
1347	416	1591	776	754	-2	542	1101	21	0	4	1	1	0
1345	409	1586	773	748	-8	536	1093	21	0	4	1	1	0
1350	404	1597	778	758	0	537	1102	21	0	4	1	1	0
1349	392	1610	783	763	-18	552	1097	21	0	4	1	1	0
1350	378	1612	780	766	-43	556	1073	21	0	4	1	1	0
1356	381	1605	776	774	-33	547	1075	21	0	4	1	1	0
1369	401	1606	781	785	2	546	1101	21	0	4	1	1	0
1381	414	1610	789	798	26	558	1109	21	0	4	1	1	0
1381	419	1612	788	810	34	560	1112	21	0	4	1	1	0
1384	432	1603	780	814	50	544	1129	21	0	4	1	1	0
1401	447	1593	774	824	80	536	1147	21	0	4	1	1	0
1412	449	1597	779	846	103	551	1161	21	0	4	1	1	0
1408	446	1599	788	866	120	563	1177	21	0	4	1	1	0
1403	456	1594	790	885	140	550	1190	21	0	4	1	1	0
1406	472	1597	783	906	145	546	1201	21	0	4	1	1	0
1412	467	1608	786	912	136	562	1199	21	0	4	1	1	0
1400	446	1601	796	907	123	562	1189	21	0	4	1	1	0
1377	435	1582	791	912	106	546	1189	21	0	4	1	1	0
1372	433	1577	780	921	97	535	1187	21	0	4	1	1	0
1376	429	1572	779	923	96	534	1174	21	0	4	1	1	0
1370	422	1561	783	932	95	533	1165	21	0	4	1	1	0
1372	419	1563	783	947	102	531	1179	21	0	4	1	1	0
1376	421	1578	784	950	111	533	1188	21	0	4	1	1	0
1370	411	1579	785	948	107	535	1174	21	0	4	1	1	0
1360	387	1568	782	945	91	531	1158	21	0	4	1	1	0
1349	377	1568	780	952	87	528	1160	21	0	4	1	1	0
1347	384	1571	784	972	103	531	1174	21	0	4	1	1	0
1363	386	1575	792	984	114	535	1174	21	0	4	1	1	0
1373	376	1579	798	977	93	535	1164	21	0	4	1	1	0
1372	365	1583	806	982	83	538	1162	21	0	4	1	1	0
1378	375	1590	812	1007	117	542	1173	21	0	4	1	1	0
1380	375	1593	811	1013	126	541	1173	21	0	4	1	1	0
1373	350	1591	809	1005	94	540	1161	21	0	4	1	1	0
1377	342	1593	809	1007	94	543	1160	21	0	4	1	1	0
1379	357	1592	810	1016	120	544	1166	21	0	4	1	1	0
1356	338	1580	807	1012	103	538	1159	21	0	4	1	1	0
1339	303	1573	800	1000	70	534	1136	21	0	4	1	1	0
1348	311	1578	795	1000	80	534	1128	21	0	4	1	1	0
1349	323	1579	795	1012	92	534	1133	21	0	4	1	1	0
1338	309	1578	798	1018	85	532	1131	21	0	4	1	1	0
1345	302	1578	795	1016	83	530	1129	21	0	4	1	1	0
1343	303	1574	786	1015	75	529	1132	21	0	4	1	1	0
1322	299	1574	785	1014	59	529	1132	21	0	4	1	1	0
1317	299	1579	796	1013	58	533	1130	21	0	4	1	1	0
1329	307	1576	800	1019	74	532	1133	21	0	4	1	1	0
1340	315	1573	796	1030	86	529	1137	21	0	4	1	1	0
1346	318	1580	799	1040	91	531	1138	21	0	4	1	1	0
1348	316	1583	802	1043	90	534	1141	21	0	4	1	1	0
1346	316	1577	803	1037	89	532	1139	21	0	4	1	1	0
1343	327	1574	805	1037	97	531	1143	21	0	4	1	1	0
1345	334	1586	809	1061	111	533	1157	21	0	4	1	1	0
1348	332	1594	811	1081	119	535	1162	21	0	4	1	1	0
1345	324	1581	808	1069	111	536	1153	21	0	4	1	1	0
1343	326	1575	809	1067	114	533	1154	21	0	4	1	1	0
1351	330	1588	812	1091	126	533	1164	21	0	4	1	1	0
1351	319	1592	812	1103	123	539	1161	21	0	4	1	1	0
1349	317	1584	811	1098	116	539	1157	21	0	4	1	1	0
1363	326	1591	811	1097	126	535	1163	21	0	4	1	1	0
1378	331	1597	812	1108	145	536	1167	21	0	4	1	1	0
1380	338	1590	812	1121	160	538	1167	21	0	4	1	1	0
1374	332	1588	811	1113	156	536	1167	21	0	4	1	1	0
1372	308	1585	810	1109	135	533	1160	21	0	4	1	1	0
1367	294	1575	812	1125	121	533	1145	21	0	4	1	1	0
1357	284	1578	813	1118	117	534	1137	21	0	4	1	1	0
1357	268	1589	813	1101	109	532	1130	21	0	4	1	1	0
1376	276	1590	812	1121	110	534	1137	21	0	4	1	1	0
1386	300	1589	813	1143	131	540	1161	21	0	4	1	1	0
1381	297	1594	813	1137	137	540	1161	21	0	4	1	1	0
1378	275	1590	810	1129	110	535	1136	21	0	4	1	1	0
1365	255	1585	809	1115	86	535	1124	21	0	4	1	1	0
1350	248	1593	810	1111	94	536	1119	21	0	4	1	1	0
1362	253	1603	810	1131	119	538	1123	21	0	4	1	1	0
1376	248	1602	810	1130	112	538	1131	21	0	4	1	1	0
1373	238	1601	810	1103	88	536	1115	21	0	4	1	1	0
1387	254	1614	811	1094	104	544	1111	21	0	4	1	1	0
1410	270	1622	811	1097	128	554	1127	21	0	4	1	1	0
1409	254	1613	810	1080	111	545	1112	21	0	4	1	1	0
1403	237	1606	808	1061	85	532	1091	21	0	4	1	1	0
1406	238	1610	808	1072	98	537	1100	21	0	4	1	1	0
1409	239	1608	809	1091	116	545	1107	21	0	4	1	1	0
1406	245	1604	809	1106	117	542	1112	21	0	4	1	1	0
1400	263	1605	811	1127	128	538	1133	21	0	4	1	1	0
1395	270	1597	812	1141	141	539	1139	21	0	4	1	1	0
1408	258	1595	812	1145	130	542	1130	21	0	4	1	1	0
1415	239	1605	812	1152	119	541	1132	21	0	4	1	1	0
1395	225	1596	812	1152	128	538	1126	21	0	4	1	1	0
1373	215	1573	810	1133	122	536	1106	21	0	4	1	1	0
1373	203	1570	803	1132	102	531	1093	21	0	4	1	1	0
1377	198	1576	802	1154	104	526	1095	21	0	4	1	1	0
1373	209	1578	807	1167	124	529	1110	21	0	4	1	1	0
1378	211	1581	813	1173	126	536	1120	21	0	4	1	1	0
1385	192	1579	814	1184	106	536	1108	21	0	4	1	1	0
1378	180	1575	812	1193	102	532	1098	21	0	4	1	1	0
1376	183	1572	811	1194	121	530	1106	21	0	4	1	1	0
1374	183	1572	810	1199	123	529	1108	21	0	4	1	1	0
1360	172	1574	810	1200	102	528	1099	21	0	4	1	1	0
1349	156	1573	811	1194	88	528	1096	21	0	4	1	1	0
1352	147	1574	812	1195	85	528	1097	21	0	4	1	1	0
1354	156	1574	812	1210	92	528	1097	21	0	4	1	1	0
1350	154	1571	810	1225	99	527	1102	21	0	4	1	1	0
1348	132	1568	806	1225	91	527	1099	21	0	4	1	1	0
1338	121	1565	806	1218	83	526	1082	21	0	4	1	1	0
1334	129	1564	812	1220	88	526	1071	21	0	4	1	1	0
1339	128	1563	814	1221	85	527	1072	21	0	4	1	1	0
1330	119	1566	810	1219	77	526	1073	21	0	4	1	1	0
1320	127	1574	810	1221	84	527	1076	21	0	4	1	1	0
1323	138	1581	815	1213	82	528	1078	21	0	4	1	1	0
1322	119	1574	810	1195	58	519	1058	21	0	4	1	1	0
1312	91	1557	802	1184	49	507	1045	21	0	4	1	1	0
1312	97	1554	802	1199	63	513	1064	21	0	4	1	1	0
1318	118	1563	808	1217	68	528	1073	21	0	4	1	1	0
1317	113	1565	809	1217	55	526	1061	21	0	4	1	1	0
1316	107	1566	811	1219	56	515	1063	21	0	4	1	1	0
1316	123	1573	814	1229	79	519	1076	21	0	4	1	1	0
1316	121	1571	812	1232	82	521	1073	21	0	4	1	1	0
1313	108	1560	807	1233	71	507	1068	21	0	4	1	1	0
1318	112	1558	809	1239	86	516	1072	21	0	4	1	1	0
1319	109	1563	813	1231	101	531	1073	21	0	4	1	1	0
1314	92	1557	812	1224	83	517	1069	21	0	4	1	1	0
1306	88	1549	811	1226	65	502	1059	21	0	4	1	1	0
1298	82	1555	813	1220	60	509	1041	21	0	4	1	1	0
1298	71	1560	813	1216	59	513	1038	21	0	4	1	1	0
1299	71	1558	811	1220	62	505	1043	21	0	4	1	1	0
1298	77	1559	818	1219	61	511	1038	21	0	4	1	1	0
1305	86	1566	829	1222	74	527	1048	21	0	4	1	1	0
1320	84	1570	828	1230	90	532	1067	21	0	4	1	1	0
1316	70	1571	827	1229	76	523	1058	21	0	4	1	1	0
1296	63	1565	830	1222	59	512	1038	21	0	4	1	1	0
1285	68	1557	820	1223	64	512	1039	21	0	4	1	1	0
1284	68	1555	809	1226	70	512	1044	21	0	4	1	1	0
1294	64	1562	822	1226	61	513	1040	21	0	4	1	1	0
1305	61	1572	836	1225	56	519	1036	21	0	4	1	1	0
1309	61	1575	825	1236	74	525	1039	21	0	4	1	1	0
1309	77	1573	820	1254	97	530	1051	21	0	4	1	1	0
1315	88	1575	836	1258	100	528	1057	21	0	4	1	1	0
1310	79	1573	842	1254	93	517	1048	21	0	4	1	1	0
1291	67	1561	832	1253	93	506	1041	21	0	4	1	1	0
1286	61	1557	827	1250	85	506	1041	21	0	4	1	1	0
1289	61	1559	827	1248	82	513	1037	21	0	4	1	1	0
1287	62	1557	831	1252	91	508	1037	21	0	4	1	1	0
1297	63	1562	842	1258	94	510	1043	21	0	4	1	1	0
1315	73	1570	843	1256	101	528	1044	21	0	4	1	1	0
1317	85	1569	840	1259	112	531	1050	21	0	4	1	1	0
1311	77	1570	843	1267	109	515	1057	21	0	4	1	1	0
1312	60	1574	840	1267	96	513	1043	21	0	4	1	1	0
1314	61	1573	837	1268	98	532	1038	21	0	4	1	1	0
1315	68	1574	841	1278	113	535	1061	21	0	4	1	1	0
1312	68	1570	841	1285	125	519	1072	21	0	4	1	1	0
1310	69	1558	838	1283	126	517	1062	21	0	4	1	1	0
1309	67	1562	841	1281	120	519	1067	21	0	4	1	1	0
1311	63	1574	841	1285	122	516	1069	21	0	4	1	1	0
1309	61	1571	842	1286	119	522	1052	21	0	4	1	1	0
1295	61	1565	842	1287	111	530	1044	21	0	4	1	1	0
1294	63	1569	838	1299	113	527	1051	21	0	4	1	1	0
1311	66	1578	845	1316	120	526	1058	21	0	4	1	1	0
1322	68	1584	858	1318	117	537	1067	21	0	4	1	1	0
1316	65	1583	855	1314	117	536	1068	21	0	4	1	1	0
1313	56	1573	843	1312	116	528	1053	21	0	4	1	1	0
1316	57	1568	842	1308	109	528	1042	21	0	4	1	1	0
1308	59	1567	844	1311	113	527	1044	21	0	4	1	1	0
1294	46	1562	843	1312	120	528	1042	21	0	4	1	1	0
1288	32	1563	841	1309	117	527	1037	21	0	4	1	1	0
1289	30	1569	841	1314	118	523	1039	21	0	4	1	1	0
1283	29	1566	840	1308	117	519	1040	21	0	4	1	1	0
1283	28	1563	839	1301	112	516	1035	21	0	4	1	1	0
1289	30	1568	841	1314	118	515	1036	21	0	4	1	1	0
1287	29	1571	844	1317	123	522	1040	21	0	4	1	1	0
1285	30	1568	842	1309	122	532	1040	21	0	4	1	1	0
1286	36	1567	841	1314	128	530	1043	21	0	4	1	1	0
1273	30	1562	842	1304	124	515	1040	21	0	4	1	1	0
1256	9	1547	831	1278	102	506	1020	21	0	4	1	1	0
1259	-1	1543	827	1281	91	505	1008	21	0	4	1	1	0
1265	5	1557	838	1293	101	508	1018	21	0	4	1	1	0
1257	0	1558	834	1285	99	505	1017	21	0	4	1	1	0
1251	-11	1547	820	1280	89	504	1005	21	0	4	1	1	0
1254	-4	1562	830	1287	104	513	1012	21	0	4	1	1	0
1256	0	1573	838	1292	117	516	1017	21	0	4	1	1	0
1253	-18	1560	828	1290	101	512	1008	21	0	4	1	1	0
1250	-31	1558	825	1288	90	507	1006	21	0	4	1	1	0
1250	-28	1565	824	1291	99	509	1011	21	0	4	1	1	0
1248	-28	1561	822	1282	97	510	1004	21	0	4	1	1	0
1241	-36	1556	823	1270	85	510	993	21	0	4	1	1	0
1237	-35	1558	818	1275	86	510	991	21	0	4	1	1	0
1240	-33	1564	812	1286	93	510	991	21	0	4	1	1	0
1236	-50	1568	815	1271	84	511	985	21	0	4	1	1	0
1227	-62	1570	818	1255	76	512	980	21	0	4	1	1	0
1228	-56	1571	815	1265	86	513	981	21	0	4	1	1	0
1225	-58	1563	812	1268	78	509	978	21	0	4	1	1	0
1216	-65	1556	811	1265	64	503	974	21	0	4	1	1	0
1218	-59	1560	813	1281	87	505	980	21	0	4	1	1	0
1222	-59	1561	812	1282	101	509	984	21	0	4	1	1	0
1209	-70	1560	809	1257	72	506	980	21	0	4	1	1	0
1208	-68	1568	811	1265	65	505	978	21	0	4	1	1	0
1217	-62	1567	812	1288	78	509	968	21	0	4	1	1	0
1213	-66	1557	811	1273	68	508	963	21	0	4	1	1	0
1213	-68	1556	809	1255	69	506	974	21	0	4	1	1	0
1219	-66	1558	806	1260	81	504	971	21	0	4	1	1	0
1214	-65	1556	807	1261	72	504	959	21	0	4	1	1	0
1209	-65	1550	805	1257	60	504	962	21	0	4	1	1	0
1207	-65	1548	801	1258	61	505	958	21	0	4	1	1	0
1195	-68	1546	795	1255	55	501	944	21	0	4	1	1	0
1188	-70	1542	790	1255	54	499	948	21	0	4	1	1	0
1194	-67	1549	793	1261	61	503	955	21	0	4	1	1	0
1198	-65	1563	803	1262	59	508	953	21	0	4	1	1	0
1196	-65	1562	800	1260	60	506	956	21	0	4	1	1	0
1192	-61	1555	790	1259	67	503	952	21	0	4	1	1	0
1191	-65	1554	789	1262	56	502	945	21	0	4	1	1	0
1186	-84	1553	789	1248	33	503	945	21	0	4	1	1	0
1170	-96	1546	783	1223	28	501	936	21	0	4	1	1	0
1156	-92	1541	781	1227	34	498	927	21	0	4	1	1	0
1166	-91	1549	783	1251	36	498	939	21	0	4	1	1	0
1185	-89	1559	786	1258	42	502	948	21	0	4	1	1	0
1181	-80	1552	786	1252	53	504	944	21	0	4	1	1	0
1172	-73	1547	785	1255	60	502	946	21	0	4	1	1	0
1183	-68	1557	789	1258	63	503	951	21	0	4	1	1	0
1196	-62	1563	797	1261	65	506	952	21	0	4	1	1	0
1189	-66	1558	802	1258	63	508	951	21	0	4	1	1	0
1177	-81	1552	795	1247	60	506	950	21	0	4	1	1	0
1182	-92	1551	788	1247	55	504	945	21	0	4	1	1	0
1191	-94	1561	796	1249	55	506	940	21	0	4	1	1	0
1187	-94	1570	802	1235	61	506	938	21	0	4	1	1	0
1167	-100	1561	791	1224	49	505	937	21	0	4	1	1	0
1158	-107	1545	781	1222	29	500	930	21	0	4	1	1	0
1164	-103	1547	788	1227	39	500	928	21	0	4	1	1	0
1167	-94	1557	798	1240	60	507	939	21	0	4	1	1	0
1164	-92	1562	802	1244	62	510	943	21	0	4	1	1	0
1160	-96	1564	799	1231	55	507	942	21	0	4	1	1	0
1157	-97	1563	790	1224	53	506	943	21	0	4	1	1	0
1155	-91	1560	790	1238	57	507	944	21	0	4	1	1	0
1162	-91	1560	798	1239	55	508	940	21	0	4	1	1	0
1159	-110	1561	793	1225	35	509	926	21	0	4	1	1	0
1140	-124	1557	782	1219	21	505	913	21	0	4	1	1	0
1128	-123	1549	781	1222	27	501	913	21	0	4	1	1	0
1128	-125	1544	782	1223	25	502	918	21	0	4	1	1	0
1130	-126	1549	782	1222	23	501	917	21	0	4	1	1	0
1128	-121	1552	780	1223	28	499	916	21	0	4	1	1	0
1128	-127	1550	778	1213	12	498	909	21	0	4	1	1	0
1131	-132	1557	780	1208	4	502	899	21	0	4	1	1	0
1135	-119	1565	785	1224	26	506	909	21	0	4	1	1	0
1131	-116	1559	783	1223	34	505	915	21	0	4	1	1	0
1126	-123	1561	783	1206	21	504	908	21	0	4	1	1	0
1130	-122	1571	787	1214	22	506	909	21	0	4	1	1	0
1135	-122	1566	787	1220	29	508	912	21	0	4	1	1	0
1126	-123	1557	784	1200	18	504	905	21	0	4	1	1	0
1111	-128	1557	780	1191	5	497	896	21	0	4	1	1	0
1103	-144	1560	780	1185	-3	497	890	21	0	4	1	1	0
1101	-151	1558	780	1171	-5	500	884	21	0	4	1	1	0
1105	-133	1559	779	1180	-2	499	883	21	0	4	1	1	0
1119	-121	1570	781	1198	-2	500	892	21	0	4	1	1	0
1126	-123	1576	785	1196	14	507	900	21	0	4	1	1	0
1127	-118	1577	785	1195	33	512	905	21	0	4	1	1	0
1128	-115	1583	787	1193	18	510	896	21	0	4	1	1	0
1124	-120	1586	787	1189	-3	508	890	21	0	4	1	1	0
1120	-109	1580	782	1201	17	508	902	21	0	4	1	1	0
1130	-91	1575	780	1208	40	509	914	21	0	4	1	1	0
1134	-92	1580	784	1197	32	508	909	21	0	4	1	1	0
1124	-104	1584	784	1183	20	509	896	21	0	4	1	1	0
1112	-107	1582	781	1181	22	508	896	21	0	4	1	1	0
1106	-104	1581	781	1188	24	507	899	21	0	4	1	1	0
1118	-98	1590	788	1193	20	510	898	21	0	4	1	1	0
1124	-94	1596	790	1187	15	514	893	21	0	4	1	1	0
1109	-110	1591	783	1171	4	511	886	21	0	4	1	1	0
1098	-118	1588	781	1163	-1	506	882	21	0	4	1	1	0
1104	-101	1591	782	1173	13	509	888	21	0	4	1	1	0
1112	-89	1594	784	1186	33	511	899	21	0	4	1	1	0
1109	-92	1591	786	1175	34	510	901	21	0	4	1	1	0
1106	-92	1586	785	1160	27	510	898	21	0	4	1	1	0
1103	-91	1584	780	1163	31	510	897	21	0	4	1	1	0
1104	-90	1580	783	1165	29	508	886	21	0	4	1	1	0
1104	-96	1576	785	1160	15	506	870	21	0	4	1	1	0
1099	-118	1581	778	1156	6	507	869	21	0	4	1	1	0
1102	-116	1596	783	1159	17	507	882	21	0	4	1	1	0
1111	-93	1606	795	1162	30	512	890	21	0	4	1	1	0
1113	-92	1607	792	1163	27	515	892	21	0	4	1	1	0
1102	-98	1601	782	1162	25	511	886	21	0	4	1	1	0
1095	-97	1591	781	1161	24	507	876	21	0	4	1	1	0
1102	-101	1584	786	1162	18	508	877	21	0	4	1	1	0
1112	-102	1588	793	1166	18	509	884	21	0	4	1	1	0
1107	-94	1594	800	1164	29	510	888	21	0	4	1	1	0
1097	-98	1591	802	1158	29	509	885	21	0	4	1	1	0
1102	-103	1588	804	1159	19	511	876	21	0	4	1	1	0
1106	-96	1596	806	1163	24	513	874	21	0	4	1	1	0
1100	-96	1604	806	1159	28	509	879	21	0	4	1	1	0
1102	-95	1604	809	1167	26	515	884	21	0	4	1	1	0
1110	-83	1606	812	1189	44	531	893	21	0	4	1	1	0
1109	-80	1608	811	1196	51	531	897	21	0	4	1	1	0
1105	-86	1604	809	1191	37	514	895	21	0	4	1	1	0
1104	-92	1601	807	1193	33	508	891	21	0	4	1	1	0
1099	-102	1601	810	1186	30	515	883	21	0	4	1	1	0
1083	-117	1596	809	1170	7	516	869	21	0	4	1	1	0
1069	-131	1588	803	1158	-8	509	866	21	0	4	1	1	0
1074	-123	1584	804	1160	-1	510	869	21	0	4	1	1	0
1085	-107	1592	808	1176	5	515	870	21	0	4	1	1	0
1078	-111	1599	806	1185	3	512	873	21	0	4	1	1	0
1072	-112	1599	806	1185	1	509	874	21	0	4	1	1	0
1079	-99	1597	808	1185	6	511	873	21	0	4	1	1	0
1076	-102	1589	804	1184	9	510	871	21	0	4	1	1	0
1066	-117	1586	802	1178	6	508	873	21	0	4	1	1	0
1066	-113	1593	795	1173	5	510	875	21	0	4	1	1	0
1068	-111	1589	786	1172	4	507	871	21	0	4	1	1	0
1061	-122	1582	789	1168	1	504	866	21	0	4	1	1	0
1052	-123	1590	790	1166	-4	503	858	21	0	4	1	1	0
1042	-126	1589	781	1161	-7	501	845	21	0	4	1	1	0
1036	-129	1574	780	1157	-4	501	847	21	0	4	1	1	0
1036	-126	1571	781	1161	-2	503	858	21	0	4	1	1	0
1036	-124	1587	780	1162	-4	503	857	21	0	4	1	1	0
1035	-124	1594	789	1147	0	503	855	21	0	4	1	1	0
1025	-122	1591	792	1132	2	505	859	21	0	4	1	1	0
1019	-133	1599	787	1124	-3	506	848	21	0	4	1	1	0
1029	-146	1608	796	1118	-5	508	838	21	0	4	1	1	0
1036	-138	1605	809	1124	-2	509	845	21	0	4	1	1	0
1036	-122	1610	811	1135	-3	511	847	21	0	4	1	1	0
1037	-121	1619	810	1127	-3	512	845	21	0	4	1	1	0
1037	-126	1616	810	1110	-1	506	845	21	0	4	1	1	0
1035	-127	1616	807	1107	-4	514	841	21	0	4	1	1	0
1029	-124	1622	810	1108	-3	528	840	21	0	4	1	1	0
1021	-129	1619	808	1104	-8	519	840	21	0	4	1	1	0
1013	-146	1619	805	1096	-23	503	831	21	0	4	1	1	0
1007	-153	1622	808	1098	-28	508	829	21	0	4	1	1	0
997	-150	1614	802	1096	-24	511	830	21	0	4	1	1	0
988	-155	1606	791	1079	-29	501	816	21	0	4	1	1	0
991	-157	1608	795	1072	-31	503	810	21	0	4	1	1	0
993	-153	1616	799	1075	-29	509	817	21	0	4	1	1	0
984	-150	1623	795	1071	-36	508	816	21	0	4	1	1	0
979	-147	1622	800	1064	-36	508	812	21	0	4	1	1	0
987	-145	1613	799	1066	-26	508	816	21	0	4	1	1	0
987	-153	1606	790	1064	-30	508	813	21	0	4	1	1	0
980	-155	1606	789	1061	-41	510	809	21	0	4	1	1	0
983	-150	1612	792	1065	-34	512	812	21	0	4	1	1	0
989	-148	1619	790	1066	-28	511	816	21	0	4	1	1	0
985	-151	1612	790	1060	-42	507	813	21	0	4	1	1	0
983	-152	1604	787	1053	-54	504	808	21	0	4	1	1	0
983	-155	1609	782	1045	-53	506	807	21	0	4	1	1	0
974	-161	1607	780	1038	-56	506	798	21	0	4	1	1	0
969	-158	1599	782	1038	-64	501	789	21	0	4	1	1	0
971	-161	1604	782	1039	-63	500	785	21	0	4	1	1	0
969	-173	1609	779	1035	-66	503	781	21	0	4	1	1	0
971	-168	1604	772	1034	-69	502	783	21	0	4	1	1	0
981	-154	1602	777	1035	-62	503	795	21	0	4	1	1	0
982	-156	1611	785	1035	-61	509	801	21	0	4	1	1	0
978	-150	1621	783	1038	-64	510	794	21	0	4	1	1	0
980	-125	1620	779	1044	-56	505	804	21	0	4	1	1	0
979	-125	1612	780	1044	-51	503	812	21	0	4	1	1	0
982	-143	1607	782	1039	-60	505	793	21	0	4	1	1	0
986	-134	1608	783	1042	-59	507	789	21	0	4	1	1	0
984	-122	1610	785	1047	-52	506	806	21	0	4	1	1	0
983	-131	1608	782	1038	-62	504	806	21	0	4	1	1	0
984	-131	1606	781	1046	-58	504	798	21	0	4	1	1	0
981	-121	1610	782	1066	-33	504	810	21	0	4	1	1	0
978	-119	1611	780	1063	-28	505	817	21	0	4	1	1	0
982	-123	1604	778	1051	-40	505	811	21	0	4	1	1	0
978	-126	1602	779	1056	-43	503	809	21	0	4	1	1	0
977	-116	1608	779	1066	-33	503	813	21	0	4	1	1	0
989	-94	1612	783	1073	-14	506	829	21	0	4	1	1	0
995	-91	1608	788	1075	-16	506	832	21	0	4	1	1	0
997	-101	1604	781	1074	-34	506	821	21	0	4	1	1	0
1005	-95	1615	784	1090	-23	512	827	21	0	4	1	1	0
1012	-87	1628	799	1104	-3	515	843	21	0	4	1	1	0
1010	-90	1628	798	1090	-9	511	839	21	0	4	1	1	0
999	-94	1622	784	1069	-20	510	825	21	0	4	1	1	0
991	-93	1613	781	1076	-15	509	829	21	0	4	1	1	0
997	-91	1612	790	1090	-6	509	836	21	0	4	1	1	0
1013	-88	1628	796	1092	0	515	838	21	0	4	1	1	0
1004	-89	1627	793	1087	-5	516	836	21	0	4	1	1	0
987	-94	1608	783	1079	-10	507	828	21	0	4	1	1	0
987	-97	1620	780	1068	-13	507	823	21	0	4	1	1	0
986	-95	1646	782	1057	-13	516	824	21	0	4	1	1	0
980	-93	1635	783	1048	-7	514	821	21	0	4	1	1	0
974	-94	1622	780	1030	-18	505	811	21	0	4	1	1	0
976	-95	1635	782	1021	-29	510	808	21	0	4	1	1	0
990	-94	1640	789	1031	-15	516	815	21	0	4	1	1	0
1007	-82	1632	795	1039	4	513	822	21	0	4	1	1	0
1013	-63	1635	795	1045	6	516	834	21	0	4	1	1	0
1012	-60	1629	790	1049	4	521	838	21	0	4	1	1	0
1014	-68	1613	783	1047	3	513	828	21	0	4	1	1	0
1012	-65	1616	780	1047	-2	504	824	21	0	4	1	1	0
1010	-65	1634	786	1059	-3	509	836	21	0	4	1	1	0
1012	-57	1638	797	1080	10	518	851	21	0	4	1	1	0
1012	-41	1628	797	1091	30	517	855	21	0	4	1	1	0
1013	-48	1621	788	1083	33	510	848	21	0	4	1	1	0
1004	-61	1618	781	1073	25	507	846	21	0	4	1	1	0
991	-58	1621	785	1082	29	512	858	21	0	4	1	1	0
987	-56	1621	790	1097	31	510	862	21	0	4	1	1	0
995	-56	1617	788	1098	30	506	853	21	0	4	1	1	0
994	-57	1611	782	1097	32	508	858	21	0	4	1	1	0
988	-56	1614	786	1094	30	506	866	21	0	4	1	1	0
1002	-39	1628	799	1102	42	510	869	21	0	4	1	1	0
1014	-24	1630	801	1108	58	519	873	21	0	4	1	1	0
1007	-33	1614	798	1104	56	516	876	21	0	4	1	1	0
1006	-32	1607	800	1119	56	509	878	21	0	4	1	1	0
1004	-28	1609	790	1125	54	509	872	21	0	4	1	1	0
987	-36	1604	782	1112	40	509	865	21	0	4	1	1	0
985	-34	1606	793	1119	42	507	872	21	0	4	1	1	0
995	-28	1615	802	1138	60	509	879	21	0	4	1	1	0
989	-33	1611	792	1133	60	509	872	21	0	4	1	1	0
979	-31	1604	780	1117	56	504	870	21	0	4	1	1	0
981	-24	1603	781	1110	61	504	878	21	0	4	1	1	0
978	-33	1604	783	1101	58	505	874	21	0	4	1	1	0
980	-31	1608	782	1095	56	507	869	21	0	4	1	1	0
997	-8	1608	782	1094	71	513	882	21	0	4	1	1	0
1011	3	1613	788	1093	82	513	887	21	0	4	1	1	0
1026	10	1632	799	1098	88	518	889	21	0	4	1	1	0
1039	19	1637	800	1105	97	523	900	21	0	4	1	1	0
1029	6	1618	787	1096	87	514	887	21	0	4	1	1	0
1007	-14	1604	778	1084	63	503	864	21	0	4	1	1	0
1007	-8	1605	782	1093	62	505	875	21	0	4	1	1	0
1013	0	1610	786	1105	70	510	890	21	0	4	1	1	0
1008	-3	1609	782	1113	70	508	883	21	0	4	1	1	0
1008	0	1601	782	1126	87	506	882	21	0	4	1	1	0
1012	1	1591	784	1144	98	503	893	21	0	4	1	1	0
1007	-4	1587	783	1153	92	502	899	21	0	4	1	1	0
1011	6	1594	783	1159	106	506	906	21	0	4	1	1	0
1023	27	1599	783	1173	127	510	915	21	0	4	1	1	0
1031	31	1592	783	1193	125	507	919	21	0	4	1	1	0
1028	25	1586	784	1201	121	504	923	21	0	4	1	1	0
1028	30	1582	784	1196	124	505	929	21	0	4	1	1	0
1037	34	1574	782	1206	130	504	931	21	0	4	1	1	0
1030	29	1572	781	1222	140	500	932	21	0	4	1	1	0
1000	31	1579	784	1229	153	500	943	21	0	4	1	1	0
1001	33	1575	784	1230	154	500	948	21	0	4	1	1	0
1031	26	1562	782	1223	146	497	936	21	0	4	1	1	0
1033	23	1557	781	1221	142	499	928	21	0	4	1	1	0
1024	27	1564	785	1237	150	501	938	21	0	4	1	1	0
1044	35	1573	791	1255	173	501	955	21	0	4	1	1	0
1055	44	1576	793	1259	188	506	965	21	0	4	1	1	0
1048	45	1571	797	1256	181	507	963	21	0	4	1	1	0
1042	34	1560	797	1256	170	502	954	21	0	4	1	1	0
1039	23	1555	793	1266	173	501	955	21	0	4	1	1	0
1051	36	1559	794	1281	183	504	966	21	0	4	1	1	0
1069	58	1561	806	1297	200	505	978	21	0	4	1	1	0
1063	65	1558	807	1312	219	504	982	21	0	4	1	1	0
1049	49	1556	795	1309	209	502	978	21	0	4	1	1	0
1044	33	1550	795	1298	185	500	976	21	0	4	1	1	0
1042	30	1544	805	1303	190	497	978	21	0	4	1	1	0
1043	38	1553	809	1312	209	498	978	21	0	4	1	1	0
1050	44	1560	811	1308	211	504	978	21	0	4	1	1	0
1056	42	1552	817	1312	214	507	982	21	0	4	1	1	0
1063	44	1548	819	1319	222	501	984	21	0	4	1	1	0
1063	39	1552	817	1317	213	503	979	21	0	4	1	1	0
1051	30	1548	814	1319	211	504	976	21	0	4	1	1	0
1042	32	1534	808	1323	227	492	980	21	0	4	1	1	0
1038	32	1529	804	1315	222	480	979	21	0	4	1	1	0
1036	26	1529	804	1313	206	486	972	21	0	4	1	1	0
1041	30	1529	807	1331	221	491	977	21	0	4	1	1	0
1047	41	1538	811	1345	246	489	987	21	0	4	1	1	0
1045	36	1549	808	1340	245	496	985	21	0	4	1	1	0
1044	34	1544	807	1336	237	503	982	21	0	4	1	1	0
1048	36	1532	812	1347	242	500	985	21	0	4	1	1	0
1045	30	1536	812	1349	241	498	983	21	0	4	1	1	0
1039	25	1538	809	1347	231	499	979	21	0	4	1	1	0
1037	28	1529	807	1360	230	491	981	21	0	4	1	1	0
1033	33	1526	806	1363	228	485	977	21	0	4	1	1	0
1024	29	1527	803	1358	216	484	964	21	0	4	1	1	0
1013	11	1519	795	1358	207	480	959	21	0	4	1	1	0
1007	-2	1509	792	1356	212	474	964	21	0	4	1	1	0
1006	3	1517	795	1349	205	474	955	21	0	4	1	1	0
998	-2	1527	796	1347	187	478	937	21	0	4	1	1	0
984	-26	1517	796	1344	170	478	929	21	0	4	1	1	0
975	-36	1507	795	1338	159	476	925	21	0	4	1	1	0
976	-41	1515	796	1342	147	478	915	21	0	4	1	1	0
979	-49	1521	801	1345	145	481	911	21	0	4	1	1	0
982	-39	1516	807	1347	161	478	916	21	0	4	1	1	0
979	-28	1514	801	1349	165	473	921	21	0	4	1	1	0
976	-37	1515	798	1349	153	474	921	21	0	4	1	1	0
981	-49	1516	804	1349	148	476	913	21	0	4	1	1	0
979	-58	1515	809	1346	151	476	902	21	0	4	1	1	0
968	-54	1519	807	1346	153	477	907	21	0	4	1	1	0
968	-40	1526	808	1360	154	478	919	21	0	4	1	1	0
983	-43	1521	808	1375	160	476	917	21	0	4	1	1	0
983	-52	1515	803	1374	157	475	913	21	0	4	1	1	0
969	-40	1523	802	1374	159	477	919	21	0	4	1	1	0
968	-29	1530	808	1383	166	476	923	21	0	4	1	1	0
967	-45	1530	811	1380	162	483	918	21	0	4	1	1	0
962	-44	1534	811	1375	154	491	917	21	0	4	1	1	0
966	-30	1542	811	1378	161	486	921	21	0	4	1	1	0
963	-44	1542	810	1376	162	479	915	21	0	4	1	1	0
952	-65	1534	810	1377	152	480	905	21	0	4	1	1	0
947	-64	1529	803	1375	150	480	902	21	0	4	1	1	0
949	-62	1526	792	1356	137	475	897	21	0	4	1	1	0
951	-69	1523	795	1353	127	477	892	21	0	4	1	1	0
950	-63	1524	801	1374	148	477	902	21	0	4	1	1	0
945	-60	1526	795	1382	163	475	911	21	0	4	1	1	0
953	-65	1529	796	1378	152	479	904	21	0	4	1	1	0
954	-58	1531	800	1384	154	480	904	21	0	4	1	1	0
926	-67	1521	789	1382	155	476	904	21	0	4	1	1	0
908	-93	1507	779	1372	131	472	889	21	0	4	1	1	0
918	-85	1512	784	1375	130	471	884	21	0	4	1	1	0
919	-64	1521	785	1377	151	470	897	21	0	4	1	1	0
905	-81	1517	779	1359	143	472	893	21	0	4	1	1	0
898	-102	1517	779	1342	113	475	872	21	0	4	1	1	0
904	-95	1523	782	1352	116	472	870	21	0	4	1	1	0
901	-85	1518	779	1374	141	466	890	21	0	4	1	1	0
895	-80	1511	781	1379	155	467	904	21	0	4	1	1	0
895	-87	1513	784	1372	148	473	898	21	0	4	1	1	0
894	-95	1515	778	1372	136	475	887	21	0	4	1	1	0
894	-72	1526	789	1380	146	473	895	21	0	4	1	1	0
904	-47	1546	811	1384	165	476	911	21	0	4	1	1	0
907	-59	1544	804	1376	161	477	906	21	0	4	1	1	0
891	-73	1526	787	1370	149	474	893	21	0	4	1	1	0
885	-64	1528	788	1379	151	476	902	21	0	4	1	1	0
892	-65	1533	788	1382	149	475	906	21	0	4	1	1	0
887	-88	1528	781	1359	130	469	885	21	0	4	1	1	0
872	-100	1524	777	1339	105	470	865	21	0	4	1	1	0
872	-92	1531	778	1344	101	474	869	21	0	4	1	1	0
888	-86	1544	780	1353	122	477	877	21	0	4	1	1	0
892	-90	1550	782	1337	119	478	867	21	0	4	1	1	0
883	-100	1546	780	1303	87	478	850	21	0	4	1	1	0
887	-96	1545	782	1290	89	477	849	21	0	4	1	1	0
905	-67	1558	782	1298	127	479	870	21	0	4	1	1	0
909	-50	1563	779	1296	135	480	881	21	0	4	1	1	0
896	-61	1557	779	1281	119	481	869	21	0	4	1	1	0
893	-66	1557	781	1275	116	481	862	21	0	4	1	1	0
905	-54	1560	779	1279	119	477	867	21	0	4	1	1	0
907	-51	1554	774	1277	115	477	870	21	0	4	1	1	0
882	-60	1547	774	1274	114	477	867	21	0	4	1	1	0
857	-61	1550	777	1278	122	472	871	21	0	4	1	1	0
857	-49	1558	773	1284	126	472	879	21	0	4	1	1	0
867	-37	1563	776	1283	123	479	878	21	0	4	1	1	0
867	-28	1562	784	1286	128	478	881	21	0	4	1	1	0
867	-24	1557	782	1294	127	473	885	21	0	4	1	1	0
878	-30	1566	778	1292	108	477	878	21	0	4	1	1	0
877	-36	1572	781	1284	96	481	869	21	0	4	1	1	0
848	-34	1560	782	1284	99	476	871	21	0	4	1	1	0
827	-43	1554	777	1286	86	471	866	21	0	4	1	1	0
835	-60	1562	776	1272	64	474	849	21	0	4	1	1	0
829	-66	1552	776	1254	51	475	839	21	0	4	1	1	0
814	-66	1545	774	1263	46	473	839	21	0	4	1	1	0
821	-56	1558	778	1285	59	474	850	21	0	4	1	1	0
828	-46	1560	779	1281	68	474	857	21	0	4	1	1	0
809	-69	1551	762	1250	34	471	837	21	0	4	1	1	0
783	-101	1549	748	1225	2	466	807	21	0	4	1	1	0
774	-101	1548	752	1224	14	466	806	21	0	4	1	1	0
781	-88	1551	757	1232	21	470	820	21	0	4	1	1	0
785	-91	1553	751	1230	2	467	814	21	0	4	1	1	0
779	-99	1546	751	1220	-14	462	796	21	0	4	1	1	0
778	-101	1546	753	1216	-28	466	789	21	0	4	1	1	0
782	-98	1559	752	1220	-24	472	797	21	0	4	1	1	0
